id,Formule,No Ele,Ele,BG,IM,Is BG Dir,Structure,a,b,c,alfa,beta,gamma,CA
mp-239,BaS3,2,Ba-S,1.3912999999999998,False,False,Tetragonal,4.21601149,6.95195505,6.95195505,90.0,90.0,90.0,62546.518850402324
mp-241,CdF2,2,Cd-F,2.8977000000000004,False,False,Cubic,3.8191093774786213,3.819110736075878,3.81911039,60.00001174583023,59.99999997816074,60.000016753905115,1582.3565435713263
mp-252,BeTe,2,Be-Te,2.0172999999999996,False,False,Cubic,4.004286976894119,4.004287530867143,4.00428684,60.00001418130219,60.00000970028013,60.00000613064391,10109.30351063222
mp-375,UO3,2,O-U,1.6349999999999998,False,False,Cubic,4.13541623,4.13541623,4.13541623,90.0,90.0,90.0,228128.7749448409
mp-441,Rb2Te,2,Rb-Te,1.8766,False,False,Cubic,6.054395575056957,6.054395745621043,6.05439651,60.000001482833234,60.00000061400291,59.99999802903027,65916.01898158957
mp-467,Th3N4,2,N-Th,1.4415000000000004,False,False,Trigonal,9.423207661116901,9.423207594354688,9.423208035140227,23.73309638718192,23.733091598618675,23.73309914727013,118912.24444223684
mp-648,Na2S,2,Na-S,2.4399,False,True,Cubic,4.594998001438738,4.59499878520615,4.594998,60.000005652756585,60.00000001035759,60.000001492917214,20758.96075109862
mp-672,CdS,2,Cd-S,1.125,False,True,Hexagonal,4.16883814,4.16883805902189,6.77961741,90.0,90.0,120.00000064256137,78525.5509782946
mp-706,HgF,2,F-Hg,1.7704,False,False,Tetragonal,3.6589531208317485,3.6589527733792937,6.0987490144059615,107.45615918002711,107.4561582495197,89.99998978946898,35411.833792287274
mp-762,PtS2,2,Pt-S,1.5467000000000004,False,False,Trigonal,3.54874234,3.54874203868774,5.59706654,90.0,90.0,120.00000280869371,582625.6968975696
mp-804,GaN,2,Ga-N,1.7264999999999997,False,True,Hexagonal,3.18892989,3.188930917049292,5.19235725,90.0,90.0,119.9999998231426,70831.69194936952
mp-841,Li2O2,2,Li-O,1.9742999999999997,False,False,Hexagonal,3.10263483,3.102633828952688,7.56992946,90.0,90.0,119.99998945596172,33810.16585185927
mp-947,Au2S,2,Au-S,1.9091,False,True,Cubic,5.27398218,5.27398218,5.27398218,90.0,90.0,90.0,73820.44618004526
mp-971,K2O,2,K-O,1.7072,False,False,Cubic,6.37500949,4.51565428,4.50201309,90.0,90.0,90.0,56559.447699334894
mp-10074,GeSe2,2,Ge-Se,1.5188000000000001,False,False,Tetragonal,5.93662974688647,5.9366304358556725,6.3658686669788045,117.7934895774767,117.7934832751267,90.00000218767529,311810.4860485964
mp-10086,YSF,3,F-S-Y,1.3132000000000001,False,True,Tetragonal,3.77298504,3.77298504,6.82666712,90.0,90.0,90.0,34889.893234775016
mp-10226,NaYS2,3,Na-S-Y,2.2634999999999996,False,False,Trigonal,6.988533504547011,6.988533504547011,6.988534491865664,33.04976285078707,33.04976285078707,33.0497562013526,11879.041046585753
mp-10322,BaHfN2,3,Ba-Hf-N,1.2537000000000003,False,False,Tetragonal,4.13241419,4.13241419,8.42759229,90.0,90.0,90.0,98647.84265207368
mp-10748,TaCu3S4,3,Cu-S-Ta,1.9231000000000003,False,False,Cubic,5.48655743,5.48655743,5.48655743,90.0,90.0,90.0,102436.11892711745
mp-10778,RbPrSe2,3,Pr-Rb-Se,1.8997,False,False,Trigonal,8.366490383119018,8.366490383119018,8.366490367066984,30.49070305418554,30.49070305418554,30.49070620996903,97526.63987317297
mp-10779,RbNdSe2,3,Nd-Rb-Se,1.8958,False,False,Trigonal,8.356861439357491,8.356861439357491,8.356861940351514,30.29820548053481,30.29820548053481,30.298202638339603,90690.03368168756
mp-10781,RbGdSe2,3,Gd-Rb-Se,1.0338999999999998,False,False,Trigonal,8.316155469250395,8.316155469250395,8.316155650957874,29.76598596858464,29.76598596858464,29.76597914849816,105540.61636217248
mp-10782,RbTbSe2,3,Rb-Se-Tb,1.9336000000000002,False,False,Trigonal,8.306779567072937,8.306779567072937,8.306778810109355,29.57216019733804,29.57216019733804,29.572151668531966,35918.20763789332
mp-10783,RbHoSe2,3,Ho-Rb-Se,1.9586999999999999,False,False,Trigonal,8.297626081393151,8.297626081393151,8.297626394961217,29.329579744112355,29.329579744112355,29.32958321498881,27987.902479973298
mp-10784,RbErSe2,3,Er-Rb-Se,1.9769,False,False,Trigonal,8.292321412901735,8.292321412901735,8.292322111056965,29.22044578883219,29.22044578883219,29.220453497368943,25303.66636096543
mp-10785,RbLuSe2,3,Lu-Rb-Se,2.0299,False,False,Trigonal,8.275916421413847,8.275916421413847,8.275916382104361,28.942884244088212,28.942884244088212,28.942886349051346,21024.230797065953
mp-10919,Rb2PtC2,3,C-Pt-Rb,1.1361999999999999,False,False,Trigonal,5.40589341,5.4058936039051355,5.20080089,90.0,90.0,119.99999875226409,261816.08098799753
mp-10930,TbSF,3,F-S-Tb,1.2587000000000002,False,True,Tetragonal,3.78629042,3.78629042,6.82317797,90.0,90.0,90.0,32223.442112569577
mp-10931,HoSF,3,F-Ho-S,1.2995999999999999,False,True,Tetragonal,3.74383227,3.74383227,6.78733651,90.0,90.0,90.0,31274.60464205671
mp-10933,Nd2TeS2,3,Nd-S-Te,1.5871,False,False,Trigonal,4.64996429,4.64996580165161,7.77389009,90.0,90.0,119.99999669676093,123869.02185353589
mp-10969,CdCN2,3,C-Cd-N,2.3076,False,False,Trigonal,5.275998823453023,5.275999100691469,5.275999519115483,39.39670183472322,39.3967019192151,39.396691511844,5614.9230122845
mp-1022,K2S,2,K-S,2.3201,False,False,Cubic,5.242404296084912,5.242404070504071,5.24240345,59.99999754226846,59.99999896569069,60.00001274462765,20112.421519871445
mp-1039,MgTe,2,Mg-Te,2.3611999999999997,False,True,Hexagonal,4.5902025,4.590202578751011,7.43780571,90.0,90.0,120.00000678320104,22842.98216661997
mp-1087,SrS,2,S-Sr,2.497,False,False,Cubic,4.276606179790507,4.276605902047028,4.27660487,59.99999195511786,59.99999414047249,59.999998500435844,8017.255570936087
mp-1105,BaO2,2,Ba-O,2.2352,False,True,Tetragonal,3.8380151228495394,3.83801452304376,4.388789527710842,115.92869987302555,115.92869789637514,89.99999198306968,2518.01562928497
mp-1170,SnS2,2,S-Sn,1.5147999999999997,False,False,Trigonal,3.67430564,3.6743055611399518,6.22883184,90.0,90.0,120.00000989302579,57142.15933398699
mp-1190,ZnSe,2,Se-Zn,1.1663,False,True,Cubic,4.005679011332485,4.005678358128986,4.00567877,59.99999651610043,60.000001910391944,59.99999587930295,83248.3710616367
mp-1224,HgO,2,Hg-O,1.1867,False,False,Orthorhombic,3.58509138,5.56420636,6.69606078,90.0,90.0,90.0,63225.39200997923
mp-1266,Na2Se,2,Na-Se,2.0153,False,True,Cubic,4.7797231474600075,4.779723933066742,4.779725,60.00001337845651,60.0000079413951,60.00001472707701,70067.0174791174
mp-1315,MgS,2,Mg-S,2.7574,False,False,Cubic,3.683174605926628,3.683174666561613,3.68317402,59.999996646034006,59.999996101452325,59.999997997403355,4272.297077896137
mp-1342,BaO,2,Ba-O,2.0906000000000002,False,True,Cubic,3.946210029550849,3.9462094746618206,3.94621046,59.99999174024437,59.99999639169141,59.99999294301401,51618.28338660007
mp-1415,CaSe,2,Ca-Se,2.0728000000000004,False,False,Cubic,4.200550113224342,4.200550828397739,4.20055129,60.00001268284774,60.000007013125554,60.000005624384954,11530.258802301702
mp-1479,BP,2,B-P,1.2434999999999992,False,False,Cubic,3.204709645986926,3.2047104017639794,3.20471056,60.0000086888747,60.000000887576384,60.00000243347832,8184.513933873101
mp-1500,BaS,2,Ba-S,2.1488,False,False,Cubic,4.5617934537544,4.561793668426567,4.56179464,60.00000809484683,60.00000658720688,60.00001021135136,51310.029329953926
mp-1519,CaTe,2,Ca-Te,1.5535,False,False,Cubic,4.519620733579659,4.519621404809907,4.51962073,59.999989730757974,59.99998476842091,59.99999476569092,38468.496878397025
mp-1541,BeSe,2,Be-Se,2.6636999999999995,False,False,Cubic,3.654284317881507,3.654283073325434,3.65428332,59.99999776702328,60.000009033137594,60.000000139125135,4356.541193094771
mp-1550,AlP,2,Al-P,1.6294000000000004,False,False,Cubic,3.8699723319258843,3.869971937690879,3.86997254,60.00000339938077,60.00000676922062,60.00000114297318,13895.173518138945
mp-1569,Be2C,2,Be-C,1.1636999999999995,False,False,Cubic,3.057890265677607,3.057891517763093,3.05789259,60.00002096237881,60.00000741754277,60.00000593606153,3457.1170222439164
mp-1572,GaSe,2,Ga-Se,1.2405999999999997,False,False,Hexagonal,3.77343736,3.773436103465093,16.52079197,90.0,90.0,119.99998421345911,76025.32966510674
mp-1591,Al4C3,2,Al-C,1.3154000000000003,False,False,Trigonal,8.525228664084809,8.525228830640087,8.525228261341296,22.54559013747872,22.545582959120743,22.54558792639824,12390.161171835627
mp-1672,CaS,2,Ca-S,2.3819,False,False,Cubic,4.033866116246554,4.033866704326284,4.03386744,59.999993967105716,59.99998914455447,59.99998291656609,7292.231318288678
mp-1747,K2Te,2,K-Te,2.141,False,False,Cubic,5.785813376347968,5.785813746283467,5.78581246,60.00000735417954,60.00000523911576,60.000008908742124,72126.33369519562
mp-1821,WSe2,2,Se-W,1.4465,False,False,Hexagonal,3.31993213,3.3199337136020297,13.7371873,90.0,90.0,120.00001535487395,324073.67817614117
mp-1958,SrTe,2,Sr-Te,1.7616,False,False,Cubic,4.745867863531458,4.745868853084878,4.74586757,59.99999432072269,59.999987376170736,59.99999434343697,62828.64608724197
mp-11022,ScAgO2,3,Ag-O-Sc,2.1264000000000003,False,False,Hexagonal,3.21142308,3.2114227772551334,12.40930025,90.0,90.0,120.00000311846819,14370.311005410525
mp-11147,Na5CuSO2,4,Cu-Na-O-S,1.5205,False,False,Tetragonal,4.577351,4.577351,8.207251,90.0,90.0,90.0,42921.30595675817
mp-11178,SrCeN2,3,Ce-N-Sr,1.2679999999999998,False,True,Trigonal,6.346300186823796,6.346300186823796,6.346299717150994,33.3273732888483,33.3273732888483,33.32737866140041,310580.772128098
mp-11327,Rb2Se,2,Rb-Se,1.7968,False,False,Cubic,5.697663815228138,5.697662829721191,5.69766304,59.99999877915432,60.00000450085169,60.000004245289006,52956.80485960386
mp-11739,KLaTe2,3,K-La-Te,1.7012999999999994,False,False,Trigonal,8.627448933573376,8.627448933573376,8.627449578336227,31.677380507113604,31.677380507113604,31.67738375142152,287475.6701352742
mp-11740,KNdTe2,3,K-Nd-Te,1.2648000000000001,False,False,Trigonal,8.622126007092225,8.622126007092225,8.622125640582775,31.08601397227456,31.08601397227456,31.086018972246315,328030.07589126733
mp-12442,KAuF6,3,Au-F-K,2.1117,False,False,Trigonal,4.980145581825592,4.9801447039879205,4.9801459937839585,98.65653604751489,98.65653229066258,98.65653833826316,32954.09362690449
mp-12444,SrCuSF,4,Cu-F-S-Sr,1.5126,False,True,Tetragonal,3.93943137,3.93943137,8.64701502,90.0,90.0,90.0,60383.31371940797
mp-12509,YZnPO,4,O-P-Y-Zn,1.3049,False,False,Trigonal,3.9075923231660186,3.9075923231660186,10.411139186458561,79.18350369942519,79.18350369942519,59.999994528474424,88448.50182201395
mp-12668,Tb2SO2,3,O-S-Tb,2.9772000000000003,False,False,Trigonal,3.80964225,3.809640925507339,6.61388556,90.0,90.0,120.00000273079114,3489.244679628426
mp-12954,CuBS2,3,B-Cu-S,1.7424999999999997,False,True,Tetragonal,4.984760566259418,4.984759920528812,5.73009074297018,115.78296174450449,115.78296291316131,90.00000227581505,34344.16096569466
mp-13031,MgSe,2,Mg-Se,2.5476,False,True,Cubic,4.198698088572831,4.198697142593317,4.19869809,59.99999261457459,60.00000006754165,60.000010832327796,14204.630377360634
mp-13275,NaSrP,3,Na-P-Sr,1.2357,False,True,Hexagonal,7.66479957,7.664799082624282,4.48604454,90.0,90.0,119.99999335390774,296219.53723601607
mp-13276,SrLiP,3,Li-P-Sr,1.3430999999999997,False,False,Hexagonal,4.37129639,4.371296435707485,8.04126415,90.0,90.0,119.99998416103683,242793.16118227597
mp-13277,BaLiP,3,Ba-Li-P,0.9631000000000003,False,True,Hexagonal,4.52361713,4.523618260822142,8.75238429,90.0,90.0,119.99999938938004,400210.4247408962
mp-13610,ZnPbF6,3,F-Pb-Zn,1.7555,False,True,Trigonal,5.6495274359679835,5.649527841339983,5.649528042482182,53.968395876332565,53.96839584489526,53.96840591019299,21597.407438069244
mp-13694,PrCuO2,3,Cu-O-Pr,2.3609,False,False,Trigonal,6.077709305527921,6.077709620184144,6.07771011453303,36.31808997791609,36.31808432576947,36.31809343422592,30062.749746927522
mp-13971,Nd2SeO2,3,Nd-O-Se,2.1510999999999996,False,False,Trigonal,4.00093465,4.000935317992993,7.03823685,90.0,90.0,119.99999439435402,6000.307792603573
mp-13972,Sm2SeO2,3,O-Se-Sm,2.1358,False,False,Trigonal,3.93799707,3.9379974154689834,6.94589621,90.0,90.0,120.00000572764914,5760.77743343236
mp-13974,Ho2SeO2,3,Ho-O-Se,2.1517000000000004,False,False,Trigonal,3.80051838,3.8005175580740684,6.75888045,90.0,90.0,119.99999827596183,5227.752846947823
mp-13984,CdPdF6,3,Cd-F-Pd,1.7751000000000001,False,True,Trigonal,5.648176928712113,5.648176914050577,5.648177919448836,53.18586360171602,53.18585316624107,53.18586747311883,85628.0685851161
mp-14088,Rb2PdF6,3,F-Pd-Rb,2.2306,False,True,Cubic,6.001675428485004,6.0016765596306705,6.00167594,59.99999790349979,59.99999166890707,60.00000064870734,7150.90077402524
mp-14091,AlAgSe2,3,Ag-Al-Se,1.1351999999999998,False,True,Tetragonal,5.9752059364763,5.975205728942019,6.944284353004935,115.48181072550261,115.48181733310031,90.00001148449448,89730.35346629101
mp-14115,LiRhO2,3,Li-O-Rh,1.5152999999999999,False,False,Trigonal,4.998864065918957,4.998864515498183,4.998863576712594,35.40708847687191,35.40707613151846,35.40709441736198,319909.78095456463
mp-14205,K3Cu3As2,3,As-Cu-K,1.2741,False,False,Trigonal,7.581769014925905,7.581768888300808,7.581768716450823,44.55489305354121,44.554904524911976,44.554891825279604,415248.42532602296
mp-15781,KLaS2,3,K-La-S,2.7005,False,False,Trigonal,7.710213388022547,7.710213388022547,7.71021324970624,32.316092430627684,32.316092430627684,32.31610572679913,11892.913523845104
mp-15782,KPrS2,3,K-Pr-S,2.2688,False,False,Trigonal,7.740129448832785,7.740129448832785,7.74012955682192,31.653997004752718,31.653997004752718,31.65399559259593,20371.180699563607
mp-15783,KSmS2,3,K-S-Sm,2.2759,False,False,Trigonal,7.705653553508751,7.705653553508751,7.705654008947759,31.11883066500928,31.11883066500928,31.11883305256675,15760.30740707217
mp-15784,KGdS2,3,Gd-K-S,1.8308,False,True,Trigonal,4.090330005119855,4.090330005119855,7.698052555543023,74.59304686771655,74.59304686771655,60.00000024068043,57321.152337685366
mp-15786,KHoS2,3,Ho-K-S,2.3505000000000003,False,False,Trigonal,7.664262268074124,7.664262268074124,7.664262116623797,30.393489940820547,30.393489940820547,30.393487868578443,10893.85660469346
mp-15789,LiDyS2,3,Dy-Li-S,1.9346999999999999,False,False,Trigonal,6.538556090421572,6.538556090421572,6.538556624971432,34.69126194980975,34.69126194980975,34.691265517043576,14715.461795770772
mp-15790,LiHoS2,3,Ho-Li-S,1.9863000000000004,False,False,Trigonal,6.530563576715631,6.530563576715631,6.530564114932555,34.56706490950561,34.56706490950561,34.56706205157215,13564.722389233295
mp-15792,LiGdSe2,3,Gd-Li-Se,1.1717,False,False,Trigonal,6.883353496742312,6.883353496742312,6.883354298837991,34.68377181047405,34.68377181047405,34.683770582256045,171009.53476743092
mp-15793,LiTbSe2,3,Li-Se-Tb,1.5013,False,False,Trigonal,6.88226802897787,6.88226802897787,6.882267548164714,34.40932483468379,34.40932483468379,34.4093241832127,50319.74117619082
mp-15795,LiDySe2,3,Dy-Li-Se,1.5347999999999997,False,False,Trigonal,6.869107181534826,6.869107181534826,6.869107881911674,34.298846691299126,34.298846691299126,34.29883742353378,40818.40492388801
mp-15796,LiHoSe2,3,Ho-Li-Se,1.5729000000000002,False,False,Trigonal,6.851865056001133,6.851865056001133,6.851865853264973,34.253730872788296,34.253730872788296,34.253723800840845,34601.301222424016
mp-16032,Pr2TeO2,3,O-Pr-Te,1.6555999999999997,False,False,Tetragonal,4.093107031173923,4.093107833147179,7.132015287214891,106.67561469546139,106.67561337008453,90.00000828235704,125663.28593072966
mp-16033,Sm2TeO2,3,O-Sm-Te,1.4893,False,False,Tetragonal,4.005059936279053,4.005060375041126,6.970235304224588,106.6962117191339,106.69621427850589,90.00000195801803,149913.1217768957
mp-16035,Gd2TeO2,3,Gd-O-Te,1.0708000000000002,False,False,Tetragonal,3.9672438438776534,3.9672454165548525,6.897536973696858,106.7133741147737,106.71338204140247,90.00000217909349,139606.79047043156
mp-16036,Tb2TeO2,3,O-Tb-Te,1.1715,False,False,Tetragonal,3.930731939978125,3.930731649111011,6.838394041112652,106.70245309772714,106.70245110994935,89.99999694276916,142270.75780900219
mp-16037,Dy2TeO2,3,Dy-O-Te,1.0886000000000005,False,False,Tetragonal,3.91141897146597,3.911418615727281,6.805392143424459,106.70095372408827,106.70095078249773,89.99999802508411,139962.3558497399
mp-16763,KYTe2,3,K-Te-Y,1.2981000000000003,False,False,Trigonal,8.569501100785729,8.569501100785729,8.569501588874624,30.411767830650277,30.411767830650277,30.411773647915275,391357.8020735469
mp-19178,CoAgO2,3,Ag-Co-O,1.3319999999999999,False,False,Hexagonal,2.8615215,2.8615202220937044,12.28569151,90.0,90.0,119.99999122102358,429596.66008088423
mp-19378,CrAgO2,3,Ag-Cr-O,1.6634000000000007,False,False,Trigonal,6.423014979438439,6.423014384037174,6.423016127256923,26.944772419736196,26.944778285976454,26.944782291718845,153935.58306831704
mp-20015,As2PbO6,3,As-O-Pb,2.1358,False,False,Trigonal,4.89408167,4.894081447169482,5.51676445,90.0,90.0,120.00000143854919,11243.670882296748
mp-20072,LaCuO2,3,Cu-La-O,2.5215999999999994,False,False,Trigonal,6.054997502834269,6.054997502834269,6.0549974564179045,37.02923858055955,37.02923858055955,37.02923233309929,21095.35986439203
mp-20098,Ba2PbO4,3,Ba-O-Pb,1.2232000000000003,False,False,Tetragonal,4.339554789339323,4.339554907329229,7.353027620330051,107.16271173403709,107.16271119023227,89.99999862505899,114405.61820532594
mp-20194,CeO2,2,Ce-O,1.8647,False,False,Cubic,3.86607151081715,3.8660715767782934,3.866071,59.9999963787371,59.99999581434572,59.99999283390335,452125.09092935
mp-20289,NaInS2,3,In-Na-S,1.8377,False,False,Trigonal,6.985862846998567,6.985862736197737,6.985863299047232,31.70729690880517,31.70730159114806,31.707294103479143,43352.512730792936
mp-20790,InPS4,3,In-P-S,2.4754000000000005,False,False,Tetragonal,5.727184799285161,5.727184366280669,6.08352201327589,118.08059041527514,118.08058751053741,89.99999862138247,27061.905255413483
mp-2172,AlAs,2,Al-As,1.5036999999999998,False,False,Cubic,4.013398250535005,4.013397970922497,4.01339746,59.999995968863786,59.99999827352137,59.999996544356684,92207.77653150584
mp-2176,ZnTe,2,Te-Zn,1.0732999999999997,False,True,Cubic,4.322812724745816,4.32281327490844,10.57750131,90.0,90.0,119.99999490438097,227475.9718862572
mp-2251,Li3N,2,Li-N,0.9840000000000001,False,False,Hexagonal,3.60972717,3.6097276303886248,3.85463861,90.0,90.0,120.00000503666766,219852.35980756336
mp-2286,Li2Se,2,Li-Se,2.9746,False,False,Cubic,4.208762164126883,4.208762195466264,4.208762,60.00000153631201,60.00000128999295,60.00000110631436,4373.008537554134
mp-2352,Na2O,2,Na-O,1.8736000000000002,False,False,Cubic,3.878468227590648,3.8784677516620265,3.87846748,59.99999378795223,59.99999784718252,60.00000430484028,82536.5442219703
mp-2400,NaS,2,Na-S,1.2348,False,True,Hexagonal,4.4515464,4.451548038065359,10.17580278,90.0,90.0,119.99998782743393,56396.6597938009
mp-2437,IrF3,2,F-Ir,1.1410999999999998,False,False,Trigonal,5.394119479381798,5.394120008304303,5.394119789988916,54.73001630738653,54.7300140046085,54.73001047339662,417049.4665222003
mp-2490,GaP,2,Ga-P,1.6038999999999999,False,False,Cubic,3.854881055853415,3.854880368694961,3.8548812,60.00000144761544,60.00000734429977,60.00000390436404,132236.67002498536
mp-2507,GaS,2,Ga-S,2.0036,False,False,Hexagonal,3.5932455,3.593249215152555,16.01465599,90.0,90.0,120.00001235610424,22353.533292486987
mp-2530,Li2Te,2,Li-Te,2.4914,False,False,Cubic,4.6059164641890495,4.605916222488369,4.60591536,59.99999886874998,60.00000060464651,60.00000704320179,7401.304700239134
mp-2624,AlSb,2,Al-Sb,1.2255000000000003,False,False,Cubic,4.373485081071866,4.3734846273844985,4.37348589,60.00000565299335,60.00000908454812,59.999998301572866,348957.25522223295
mp-2667,CsAu,2,Au-Cs,1.0232999999999999,False,False,Cubic,4.28285436,4.28285436,4.28285436,90.0,90.0,90.0,142700.51855477766
mp-2697,SrO2,2,O-Sr,2.8495000000000004,False,False,Tetragonal,3.544240736997717,3.54423991249775,4.1774988312896175,115.10041547493206,115.10042383616062,89.99999560762716,2234.0352020164614
mp-2758,SrSe,2,Se-Sr,2.2313,False,False,Cubic,4.440220017995338,4.440221186960725,4.44022279,60.000011136568766,60.00000247814774,60.000019335807394,13824.998866014523
mp-2784,Na2Te,2,Na-Te,2.0282,False,True,Cubic,5.1378101610424265,5.137808210013997,5.13780802,59.9999883464201,60.0000009081001,59.99998808089255,62561.616050623
mp-2991,Cs2UO4,3,Cs-O-U,1.8211,False,False,Tetragonal,4.392605962582614,4.392604566869428,8.093786131822647,105.74501323828935,105.74500990272996,89.99998980910988,106853.02762454878
mp-22313,Na2PtO2,3,Na-O-Pt,1.4632999999999998,False,False,Orthorhombic,5.4670555694502765,5.4670555694502765,5.4670555694502765,146.62241929805657,130.77133306035267,60.783897306477385,51814.44917324935
mp-22859,HgI,2,Hg-I,1.6426000000000003,False,False,Tetragonal,5.070441172072168,5.07044047076725,6.888747225895806,111.55174888985859,111.55175722200553,90.02089924104857,642451.1826638625
mp-22877,VCl2,2,Cl-V,1.2559999999999998,False,False,Trigonal,3.63879131,3.638790074686877,6.09125368,90.0,90.0,120.00001113915155,20469.306069576218
mp-22885,XeF2,2,F-Xe,2.6861999999999995,False,False,Tetragonal,4.246657039160467,4.2466576374755,4.646511208216326,117.19192469607611,117.19193133239766,89.99999964303981,3712.433294379692
mp-22897,HgCl,2,Cl-Hg,2.7243000000000004,False,False,Tetragonal,4.529053928890892,4.5290553150911075,6.383391669146608,110.77830172903624,110.77830226901594,89.99999528035964,11323.398672808315
mp-22922,AgCl,2,Ag-Cl,0.9522000000000002,False,False,Cubic,3.921137907804589,3.9211372723398488,3.92113719,60.000000779002974,60.000006139947594,60.000009001124944,9240.430354182647
mp-22925,AgI,2,Ag-I,1.3674,False,True,Cubic,4.641584484463345,4.64158374875185,4.64158458,60.00000164526412,60.00000685445946,59.999999326356374,84443.93592516544
mp-22935,CsBrF,3,Br-Cs-F,2.5061999999999998,False,False,Tetragonal,4.309097960876789,4.309096846877345,10.427669433742597,101.9202120798776,101.92018500176124,90.00418050465215,12422.095680645332
mp-22936,Ca2NCl,3,Ca-Cl-N,2.371,False,True,Trigonal,6.906254583247127,6.906254438631563,6.906253992968177,30.712553295702396,30.71255707680391,30.712553177965663,34103.23371840593
mp-22939,BiClO,3,Bi-Cl-O,2.5681000000000003,False,False,Tetragonal,3.8933967,3.8933967,7.49318875,90.0,90.0,90.0,6690.116967263639
mp-22956,K2PdCl4,3,Cl-K-Pd,1.4279000000000002,False,False,Tetragonal,4.09634545,7.05764687,7.05764687,90.0,90.0,90.0,8985.79850533279
mp-22975,Rb2TeCl6,3,Cl-Rb-Te,2.6398,False,False,Cubic,7.27294328979413,7.272944261123459,7.27294397,60.0000012786416,59.99999686071706,60.000002298809186,13033.415709574487
mp-22981,TlIO3,3,I-O-Tl,2.7632999999999996,False,False,Trigonal,4.5042186482558,4.504218742373265,4.504218410273846,88.7770587720396,88.77706450994337,88.77707259576104,9251.419519823958
mp-22988,CsGeCl3,3,Cl-Cs-Ge,2.1534999999999997,False,False,Trigonal,5.461891123863339,5.461891123863339,5.461891073079682,89.54623144876582,89.54623144876582,89.54621700859916,55949.250895280165
mp-22990,CsICl2,3,Cl-Cs-I,2.2301,False,False,Trigonal,5.541027512876145,5.541027162511033,5.5410276929016975,70.13946878322189,70.13948230744148,70.13946548872079,17065.467111331178
mp-23009,Ca2BrN,3,Br-Ca-N,2.4254,False,True,Trigonal,7.189292581433737,7.18929266501056,7.1892928277891714,29.901495398702547,29.90149438493448,29.90149426690608,32204.52280927021
mp-23033,Sr2NCl,3,Cl-N-Sr,1.9398000000000004,False,True,Trigonal,7.388981160575238,7.3889806676529775,7.388980805449994,30.548449005156705,30.54845618233297,30.54845464709229,79794.45746886307
mp-23040,Ca2PI,3,Ca-I-P,1.6997000000000004,False,False,Trigonal,7.828366215892203,7.828366152745209,7.828366782299683,31.966664965959364,31.966668853799586,31.966668693170504,146024.17633880975
mp-23052,ZrIN,3,I-N-Zr,1.2172,False,True,Orthorhombic,3.75514487,4.11848974,9.70430948,90.0,90.0,90.0,44845.778132122905
mp-23056,Sr2BrN,3,Br-N-Sr,1.8455,False,False,Trigonal,7.671646721295647,7.671647299914642,7.67164717193967,29.750148717969367,29.750145024604485,29.750142612645693,89361.1133267938
mp-23072,BiBrO,3,Bi-Br-O,2.2251,False,False,Tetragonal,3.92782718,3.92782718,8.39431909,90.0,90.0,90.0,10758.881757173167
mp-23177,HgBr,2,Br-Hg,2.2557,False,False,Tetragonal,4.743076857179193,4.743077447967571,6.563668695520115,111.16652370579524,111.16652698364678,90.01247912854728,45959.2633679429
mp-23202,InI,2,I-In,1.3412000000000002,False,True,Orthorhombic,4.860243728716956,4.83363636,6.87635392247975,90.0,110.69557221493633,90.0,313509.1466665531
mp-23297,BrF3,2,Br-F,2.211,False,False,Orthorhombic,4.623110576858381,4.623110785641747,6.22369746,90.0,90.0,109.8932358308071,5370.491308069628
mp-23406,Cs2PtCl6,3,Cl-Cs-Pt,2.1146,False,True,Cubic,7.310576144350641,7.310576572665236,7.31057662,59.99999978581424,59.99999784772719,59.999995073802666,24805.573921457624
mp-23465,Cs2TeCl6,3,Cl-Cs-Te,2.7815000000000003,False,False,Cubic,7.465975367211191,7.465975847726573,7.46597685,60.00000465151468,60.00000250128845,59.999998578068656,11466.394384937186
mp-23475,Rb2PbCl6,3,Cl-Pb-Rb,1.2605,False,True,Cubic,7.267220743514759,7.267221612490581,7.26722163,59.999999874779625,59.999995919279925,59.9999985544124,117264.20812560157
mp-23703,LiH,2,H-Li,2.981,False,True,Cubic,2.8406163304782996,2.840616551455863,2.840617,60.0000064218497,60.00000384850774,60.000011862410595,10195.54681615706
mp-23737,KMgH3,3,H-K-Mg,2.458,False,False,Cubic,3.988098,3.988098,3.988098,90.0,90.0,90.0,2710.9691807088807
mp-23804,Mg2FeH6,3,Fe-H-Mg,1.9139999999999997,False,False,Cubic,4.493706375057723,4.493706687645256,4.49370709,59.999989603166256,59.99998730209985,60.00000233594808,10452.05506345871
mp-23818,BaLiH3,3,Ba-H-Li,2.2146,False,False,Cubic,4.01142218,4.01142218,4.01142218,90.0,90.0,90.0,13394.380844517913
mp-23862,BaHI,3,Ba-H-I,2.8110999999999997,False,True,Tetragonal,4.77580877,4.77580877,7.80022709,90.0,90.0,90.0,4890.688355140904
mp-24012,HoHSe,3,H-Ho-Se,1.4981000000000004,False,False,Hexagonal,3.80915841,3.8091569621067216,3.88739471,90.0,90.0,119.99999462072913,58105.62950650579
mp-24292,Sr2H6Ru,3,H-Ru-Sr,2.2360999999999995,False,False,Cubic,5.373824535558409,5.373824535558409,5.373824535558409,60.00000000000001,60.00000000000001,60.00000000000001,7386.2992146541055
mp-24721,RbH,2,H-Rb,2.9163,False,True,Cubic,4.248412398820262,4.248413091771151,4.24841186,60.000001804656875,59.99999640908138,60.00000295667473,6317.384331064218
mp-27193,RbIO3,3,I-O-Rb,2.8369,False,True,Trigonal,4.519323495300368,4.5193244089398155,4.519323164597181,89.71652164800666,89.71650902424665,89.71651552162027,6785.936604435413
mp-27294,Ca3AsBr3,3,As-Br-Ca,1.6726,False,True,Cubic,5.93247235,5.93247235,5.93247235,90.0,90.0,90.0,175245.94344768242
mp-27419,LiBiF6,3,Bi-F-Li,2.5394,False,False,Trigonal,5.505181575518636,5.5055714656951595,5.5053196952992955,54.74269736061316,54.73952780339844,54.74304297593337,10765.966990507368
mp-27420,NaBiF6,3,Bi-F-Na,2.7315,False,False,Trigonal,5.937322122577094,5.93732098372694,5.937321360056975,52.74522811614661,52.74523854347701,52.74522569922273,5124.297707729901
mp-27616,ErSCl,3,Cl-Er-S,2.9329,False,True,Orthorhombic,3.93668739,5.30901972,7.84006561,90.0,90.0,90.0,5764.415772501484
mp-27702,InClO,3,Cl-In-O,2.3644999999999996,False,False,Orthorhombic,3.54801089,4.10001033,8.40576789,90.0,90.0,90.0,5757.72049710997
mp-27703,InBrO,3,Br-In-O,1.9948,False,False,Orthorhombic,3.64760392,4.07717859,8.90792645,90.0,90.0,90.0,17034.61452871854
mp-27726,SO2,2,O-S,2.8367999999999998,False,False,Orthorhombic,4.208418937793688,4.20841978982991,5.90349217,90.0,90.0,92.92126674739784,2991.437238661991
mp-27743,BiF5,2,Bi-F,1.8137999999999999,False,False,Tetragonal,4.280533447390971,5.001972724233712,5.001972132839339,79.4504770887732,64.66660398074809,64.66662422561969,73950.3195197174
mp-27827,Rb2TiCl6,3,Cl-Rb-Ti,2.1471,False,False,Cubic,7.066030683651885,7.066030737205083,7.06603113,59.99999820793958,59.999997957229425,60.00000437569778,110193.87027241485
mp-27828,Cs2TiCl6,3,Cl-Cs-Ti,2.2291,False,False,Cubic,7.3173918762580055,7.317392445878365,7.31739247,59.99999984574634,59.999997270663506,59.99999533114661,63415.51337846289
mp-27832,Tl2SnCl6,3,Cl-Sn-Tl,2.4814,False,False,Cubic,7.08364772735285,7.083648164836986,7.08364811,60.00000020938301,59.999998166387755,60.00000084754854,3841.4798872960037
mp-27834,Tl2PtCl6,3,Cl-Pt-Tl,1.7373999999999998,False,False,Cubic,6.949018514288968,6.94901921419149,6.94901962,60.00000302898377,59.999999674437426,59.99999734783929,36213.36499166497
mp-27839,K2TiCl6,3,Cl-K-Ti,2.0826000000000002,False,False,Cubic,6.936034981155192,6.936034476273952,6.93603395,60.00000246224334,60.00000487015149,59.99999530425935,154336.6915290585
mp-27841,VBrO,3,Br-O-V,1.4910999999999999,False,False,Orthorhombic,3.42819595,3.77685904,8.7052786,90.0,90.0,90.0,85262.43418066922
mp-27869,Ba2PCl,3,Ba-Cl-P,1.2602000000000002,False,True,Trigonal,8.043017478261618,8.043017444170408,8.043017453991347,33.836740093307185,33.836739704640785,33.83674329573275,186587.9024646923
mp-27980,U(OF)2,3,F-O-U,2.1045000000000003,False,False,Trigonal,5.807546745534312,5.807546745534312,5.807546393139968,42.479742450287084,42.479742450287084,42.47974539665935,5226.076975912966
mp-28013,MnI2,2,I-Mn,1.1707999999999998,False,False,Trigonal,4.16858148,4.168580934901684,7.14619956,90.0,90.0,120.00000432562251,68097.20205499069
mp-28066,ThBrN,3,Br-N-Th,2.6395999999999997,False,False,Tetragonal,4.07401477,4.07401477,8.12696051,90.0,90.0,90.0,5763.346572063539
mp-28067,ThIN,3,I-N-Th,2.6858999999999997,False,False,Tetragonal,4.12057337,4.12057337,9.53178002,90.0,90.0,90.0,7413.955691231634
mp-28069,Ca3AsCl3,3,As-Ca-Cl,1.8439,False,True,Cubic,5.75617461,5.75617461,5.75617461,90.0,90.0,90.0,152955.13473379822
mp-28145,Rb2PdCl6,3,Cl-Pd-Rb,1.2868,False,False,Cubic,7.02557017766341,7.0255705277973,7.02557151,60.00000974607848,60.00000807496154,60.00000697753516,278343.62185112055
mp-28171,K3IO,3,I-K-O,1.0284000000000002,False,True,Cubic,5.29423015,5.29423015,5.29423015,90.0,90.0,90.0,30245.933643374683
mp-28233,MnCl2,2,Cl-Mn,1.7925999999999997,False,False,Trigonal,6.436743438748811,6.436743723531913,6.4367439239970725,33.31035626708133,33.31035401710786,33.31035371048289,2367.3843809182226
mp-28306,MnBr2,2,Br-Mn,1.5962,False,False,Trigonal,3.87141839,3.871416595616342,6.48342778,90.0,90.0,119.99999734897294,5064.581333343645
mp-28553,Ca2IN,3,Ca-I-N,2.3484999999999996,False,False,Hexagonal,3.81315544,3.8131547349968984,14.5364298,90.0,90.0,119.99999711709285,40401.43602441806
mp-28554,Ca2AsI,3,As-Ca-I,1.5566,False,False,Trigonal,7.871350375066254,7.871350545964966,7.8713509943146205,32.433551288598885,32.43355304439024,32.43354683990631,183287.39021016544
mp-28602,Na3ClO,3,Cl-Na-O,2.0299,False,True,Cubic,4.45871654,4.45871654,4.45871654,90.0,90.0,90.0,50459.25903188639
mp-28627,K4Br2O,3,Br-K-O,0.9912,False,True,Tetragonal,5.142521319858563,5.142521307080184,9.01560084029458,106.57088730572424,106.57088471246091,90.00000050361793,22284.673248773077
mp-28650,CsBr2F,3,Br-Cs-F,1.7763,False,False,Tetragonal,4.27837794,4.27837794,7.29947473,90.0,90.0,90.0,128779.33553027593
mp-28797,YHSe,3,H-Se-Y,1.5072,False,False,Hexagonal,3.8409309,3.840931771584777,3.91554956,90.0,90.0,119.99999249354248,95285.00033793224
mp-30250,YAgO2,3,Ag-O-Y,2.4154,False,False,Hexagonal,3.50492912,3.5049306933429447,12.39250308,90.0,90.0,120.0000043790466,9174.328960145252
mp-3104,BaZrN2,3,Ba-N-Zr,0.9972000000000003,False,False,Tetragonal,4.18039391,4.18039391,8.43381836,90.0,90.0,90.0,161738.43822509967
mp-3159,Al2CdSe4,3,Al-Cd-Se,2.0046999999999997,False,True,Tetragonal,5.804803987363248,5.804804472029754,6.789063605065444,115.30971967725576,115.30974641449832,89.99999678331766,62152.504052270524
mp-3216,Li2ZrN2,3,Li-N-Zr,1.5618999999999996,False,False,Trigonal,3.27830705,3.278305891026342,5.43381109,90.0,90.0,120.00000150321816,131380.10746702383
mp-3236,Pr2SO2,3,O-Pr-S,2.8599999999999994,False,False,Trigonal,4.00789086,4.007890029262823,6.87975311,90.0,90.0,119.9999898762073,4210.132524048283
mp-3613,NaErS2,3,Er-Na-S,2.3244999999999996,False,False,Trigonal,6.968013413619607,6.968013413619607,6.968012962407173,32.7604140607866,32.7604140607866,32.760421094942515,10459.92051843615
mp-3614,KTaO3,3,K-O-Ta,2.0995,False,False,Cubic,3.99488137,3.99488137,3.99488137,90.0,90.0,90.0,14623.162846093139
mp-3744,NaNbO2,3,Na-Nb-O,1.3780999999999999,False,False,Hexagonal,2.97508111,2.9750815333643486,11.51547288,90.0,90.0,119.99998406251842,288854.3592331561
mp-3748,AlCuO2,3,Al-Cu-O,1.7978000000000005,False,False,Trigonal,5.881352236930663,5.881352334674827,5.881352781567618,27.963630605370046,27.963641779225192,27.963618004662134,38925.61264564922
mp-3808,K2UO4,3,K-O-U,1.9773,False,False,Tetragonal,4.327535561428397,4.327536093767651,7.295629729203955,107.25256083586324,107.25256185987132,89.99998652632107,63751.66847176948
mp-3915,BaHgO2,3,Ba-Hg-O,2.2727,False,False,Trigonal,6.9322523082454275,6.932252586112554,6.932253252398,34.92254263777499,34.92254592480361,34.92254133072702,7526.851236489025
mp-3924,LiNbO2,3,Li-Nb-O,1.5794999999999995,False,True,Hexagonal,2.92178487,2.921784607269662,10.45103486,90.0,90.0,119.99999153959526,179101.26336769355
mp-3992,PrSF,3,F-Pr-S,1.2541000000000002,False,True,Tetragonal,3.98126766,3.98126766,6.96191102,90.0,90.0,90.0,28594.512425847865
mp-31166,DyTlS2,3,Dy-S-Tl,1.5281999999999996,False,False,Trigonal,7.8443246434071225,7.8443246434071225,7.844324518072504,29.635625866075195,29.635625866075195,29.635620372533737,22186.822424989376
mp-31451,ZrCoBi,3,Bi-Co-Zr,0.9771999999999998,False,False,Cubic,4.375637597257861,4.375637726038419,4.37563775,59.99999974325113,59.999998769672644,60.000004561764115,854967.6178182124
mp-33723,BiTeBr,3,Bi-Br-Te,1.2364000000000002,False,False,Trigonal,4.30962561,4.309624691282167,6.80777322,90.0,90.0,119.99999105062984,328364.8986752837
mp-34857,KNO2,3,K-N-O,2.5157,False,False,Monoclinic,4.460245796355991,4.460245796355991,4.090862251337456,70.21248327206501,70.21248327206501,79.57690874407595,4166.664545598492
mp-34932,CaHN,3,Ca-H-N,2.1929999999999996,False,True,Tetragonal,3.7793912047597864,3.5280813538877283,3.7793899316335455,62.176289877258746,55.64742587942085,62.176295712045615,35565.406969751006
mp-36111,LiMgP,3,Li-Mg-P,1.5391000000000004,False,False,Cubic,4.226697,4.226696770698485,4.2266972312443905,59.9999985884675,60.000009636184565,60.00000603177879,26838.867330251825
mp-37153,AgAsF6,3,Ag-As-F,1.6805999999999999,False,False,Cubic,5.87719323,5.877193860733475,5.8771933451663445,60.00000000509215,60.00000633298919,60.00000923485345,34853.31394893337
mp-37906,LiMgN,3,Li-Mg-N,2.2706999999999997,False,True,Cubic,3.505191,3.5051903593215874,3.505191045560142,60.00001418563292,60.00000986732219,60.000003391046135,25087.883697611018
mp-4026,KCrS2,3,Cr-K-S,1.1644,False,False,Trigonal,7.390429399629425,7.390429035283599,7.390426951689379,28.595317313168866,28.595321306397487,28.59532799491764,310583.9219828948
mp-4043,NbCu3Se4,3,Cu-Nb-Se,1.3604000000000003,False,False,Cubic,5.66526997,5.66526997,5.66526997,90.0,90.0,90.0,347010.4366580591
mp-4081,TaCu3Se4,3,Cu-Se-Ta,1.5980000000000003,False,False,Cubic,5.66757839,5.66757839,5.66757839,90.0,90.0,90.0,246492.2524396186
mp-4495,KLiTe,3,K-Li-Te,2.4134,False,True,Tetragonal,4.83709739,4.83709739,7.7010359,90.0,90.0,90.0,20327.664568423246
mp-4524,ZnGeP2,3,Ge-P-Zn,1.1782000000000004,False,False,Tetragonal,5.442477519545148,5.442476870991153,6.602348364178498,114.34073209462082,114.3407370593062,90.00000606232584,331422.095255636
mp-4586,LiAlTe2,3,Al-Li-Te,2.4411,False,True,Tetragonal,6.376605460805092,6.376604710989432,7.444257355136243,115.35911308424174,115.35910908508313,89.99999538711519,28863.765724129087
mp-4763,ZnSiP2,3,P-Si-Zn,1.3641000000000005,False,True,Tetragonal,5.373406715982899,5.373406229801289,6.46451592271959,114.55759759449543,114.55759553146834,89.99999641590213,88200.938563931
mp-4764,Pr2SeO2,3,O-Pr-Se,2.1691000000000003,False,False,Trigonal,4.04083515,4.0408343101801005,7.09884034,90.0,90.0,119.9999983013249,6142.996533926519
mp-4805,Gd2SO2,3,Gd-O-S,2.0193999999999996,False,False,Trigonal,3.85490617,3.8549059971944852,6.66746081,90.0,90.0,120.00000156869139,10546.977500122543
mp-4886,NdCuO2,3,Cu-Nd-O,2.4114999999999998,False,False,Trigonal,6.070290412007586,6.070290848998983,6.070290983109709,35.91455875357223,35.91454520171443,35.91456020409141,26611.4689374925
mp-4961,Na2HgO2,3,Hg-Na-O,1.6474000000000002,False,False,Tetragonal,3.380091936431577,3.3800913536419315,7.087368294560475,103.79560307112448,103.79560384748862,89.99999479948873,36143.37149898956
mp-5020,BaTiO3,3,Ba-O-Ti,2.5086999999999997,False,False,Trigonal,4.033806554507884,4.033805892924775,4.033806146413204,89.83638279997638,89.83636957742058,89.83638729523724,10012.395070545836
mp-5175,NaInO2,3,In-Na-O,1.9142000000000001,False,False,Trigonal,5.740599911553927,5.7406000474351435,5.740600225454329,32.843023361181814,32.84301953925312,32.84303025098922,39613.2458039494
mp-5273,KPrTe2,3,K-Pr-Te,1.2799999999999998,False,False,Trigonal,8.615750272349981,8.615750272349981,8.615749921121715,31.3337521486744,31.3337521486744,31.33375219932681,314133.4337782449
mp-5394,LaSF,3,F-La-S,1.4880999999999993,False,True,Tetragonal,4.04866893,4.04866893,6.96278102,90.0,90.0,90.0,22517.977293165768
mp-5459,Nd2TeO2,3,Nd-O-Te,1.3099999999999996,False,False,Tetragonal,4.060112680857363,4.06011339991511,7.070435522728183,106.68554285320597,106.68555317718531,90.00000364949909,135859.01063801005
mp-5475,NaTaN2,3,N-Na-Ta,1.2764999999999995,False,False,Trigonal,5.9138035912887,5.9138035912887,5.913803383838018,30.6365734075436,30.6365734075436,30.636586211654944,342983.2542372014
mp-5488,LiInO2,3,In-Li-O,1.8142999999999998,False,False,Tetragonal,5.561942173719978,5.561942173719978,5.561942173719978,134.16111763350608,134.16111763350608,66.83646520188819,24264.50780068476
mp-5513,Tl3VS4,3,S-Tl-V,1.9554,False,True,Cubic,6.569661255773913,6.569661225842351,6.56966138,109.4712178711322,109.4712177235496,109.471223550511,305744.844692952
mp-5598,Sm2SO2,3,O-S-Sm,2.9166000000000003,False,False,Trigonal,3.90311716,3.903116515238067,6.73354595,90.0,90.0,120.00000546449321,3845.704682691404
mp-5621,NbCu3S4,3,Cu-Nb-S,1.6574,False,False,Cubic,5.48125339,5.48125339,5.48125339,90.0,90.0,90.0,197920.1737624481
mp-5693,NaCrS2,3,Cr-Na-S,0.9908999999999994,False,False,Trigonal,6.763636747826628,6.763636423204902,6.763637618840718,30.63302756709688,30.63303672041818,30.633028650181213,268774.29737357266
mp-5694,NaHoS2,3,Ho-Na-S,2.3055000000000003,False,False,Trigonal,3.945593381074916,3.945593381074916,6.993362270736104,73.6146808412049,73.6146808412049,59.999983214038004,11078.90798146888
mp-5760,NdSF,3,F-Nd-S,1.2363000000000004,False,True,Tetragonal,3.94220416,3.94220416,6.9293486,90.0,90.0,90.0,29682.82933092912
mp-5782,AlAgS2,3,Ag-Al-S,1.8992,False,True,Tetragonal,5.70249387055302,5.702493725607133,6.588432650633701,115.64320525940323,115.64320249647966,89.99999698441553,30561.72052394872
mp-5860,K2HgO2,3,Hg-K-O,2.0773,False,True,Tetragonal,3.9055672603111415,3.905567798526636,7.525940517615151,105.03883466584598,105.03885055537967,89.99999926349764,10816.693181468796
mp-5928,Al2CdS4,3,Al-Cd-S,2.7262999999999997,False,False,Tetragonal,5.589843421512778,5.589586244813023,6.4412440662682595,115.71381195689983,115.71959138165508,89.99084269355751,6829.102139150615
mp-5967,TiCoSb,3,Co-Sb-Ti,1.0431999999999997,False,False,Cubic,4.141308317562652,4.1413085654590045,4.14130887,60.00000563502936,60.00000365489581,60.000004416730754,703429.7849508929
mp-7041,CaHgO2,3,Ca-Hg-O,2.125,False,False,Trigonal,6.5951799626087535,6.59518042819883,6.595180245382065,31.57706668658307,31.57706325813517,31.577066354016925,9108.555119447674
mp-7046,RbDyS2,3,Dy-Rb-S,2.3216,False,False,Trigonal,8.003361428284546,8.003361428284546,8.003360950747982,29.37970465595697,29.37970465595697,29.379705195557623,11993.885325467534
mp-7077,KAuS,3,Au-K-S,2.1003000000000003,False,False,Orthorhombic,5.045621253181041,5.0456212298714815,6.6852625,90.0,90.0,102.53933749248051,15457.341791662124
mp-7128,Cd(AsO3)2,3,As-Cd-O,1.9348999999999998,False,False,Trigonal,4.85315831,4.853159237288759,4.89477796,90.0,90.0,120.00000042744757,21823.626634634704
mp-7233,La2SeO2,3,La-O-Se,2.4067,False,False,Trigonal,4.08729761,4.087298055351818,7.16384495,90.0,90.0,120.00000487191399,8347.596784425654
mp-7375,KNbO3,3,K-Nb-O,2.2934,False,False,Trigonal,4.049923854879114,4.0499238731574305,4.0499247414557855,89.83687109964886,89.83687925054527,89.83686205811088,10891.93744703933
mp-7439,K3Cu3P2,3,Cu-K-P,1.2892000000000001,False,False,Trigonal,7.41985541727002,7.419855812371281,7.419855812034903,44.82627221895499,44.8262688093933,44.82626771093439,316380.148244157
mp-7472,RbAuO2,3,Au-O-Rb,1.4611,False,False,Orthorhombic,4.661739708455387,6.04778681,6.573061434928335,90.0,110.7695132803563,90.0,20636.443532558747
mp-7523,Th2TeN2,3,N-Te-Th,1.6182999999999996,False,True,Tetragonal,4.105755680328787,4.105755692189419,7.199425315997429,106.56750759863817,106.56750675031077,90.00001295384807,114963.56716171245
mp-7608,Li2PdO2,3,Li-O-Pd,1.1973000000000003,False,False,Orthorhombic,5.190011268347802,5.190011268347802,5.190011268347802,146.49843944126565,137.95876741018384,54.79287793527916,98639.55687306981
mp-7738,LaSeF,3,F-La-Se,1.7260999999999997,False,True,Hexagonal,4.22076396,4.220764022103438,8.22761741,90.0,90.0,120.00000764314755,57312.831499804095
mp-7768,Th2SeN2,3,N-Se-Th,1.3591999999999995,False,False,Trigonal,4.04042189,4.040422689373807,7.18960449,90.0,90.0,120.00001038092911,27554.07512665424
mp-7769,Th2SN2,3,N-S-Th,1.4240000000000004,False,False,Trigonal,4.01809993,4.018100923536743,6.95317168,90.0,90.0,120.00000027813091,20698.354622331397
mp-7801,CaGeN2,3,Ca-Ge-N,2.6621999999999995,False,True,Tetragonal,5.25029254934762,5.250293172153287,5.250292790806605,94.052178460719,117.68870885304302,117.68871226273824,6830.4352579140605
mp-7863,Rb2Sn2O3,3,O-Rb-Sn,1.2195999999999998,False,True,Trigonal,6.147252718381427,6.147253945913056,6.147252641294519,59.6646985787788,59.664691373734954,59.66469279609488,83902.74471708787
mp-7895,Rb2O2,2,O-Rb,1.7600000000000002,False,False,Orthorhombic,4.186799731086583,5.0825587273449875,5.082557980242262,72.0260738745089,65.67705785001226,65.67706131099138,23874.58946365744
mp-7896,Cs2O2,2,Cs-O,1.6496,False,False,Orthorhombic,4.33370958994754,5.416156878651859,5.416157139532602,72.92185299976752,66.41727290017873,66.41730183256082,29350.10738547648
mp-7906,Al2HgS4,3,Al-Hg-S,2.0244000000000004,False,False,Tetragonal,5.575833600857784,5.575833512861561,6.4645197678085315,115.54783614258938,115.54783761359549,89.99997807153197,56412.52379013178
mp-7921,MgPdF6,3,F-Mg-Pd,1.8285,False,True,Trigonal,5.333471876766249,5.333471673398081,5.333471456388856,55.07089443734636,55.0709014511988,55.07090323363037,72200.84236859188
mp-7928,K2PtS2,3,K-Pt-S,1.2355999999999998,False,False,Orthorhombic,3.6186655897013416,6.165753389856733,6.1657541541356675,70.28517727675835,72.9354534400602,72.93545810600084,85355.80796884278
mp-7929,Rb2PtS2,3,Pt-Rb-S,1.2521,False,False,Orthorhombic,3.649726006860059,6.417350538287688,6.417350062269744,69.48675247118003,73.47917174860393,73.4791651765924,100232.41293131749
mp-7977,CsSmO2,3,Cs-O-Sm,2.9281000000000006,False,False,Hexagonal,3.62646364,3.6264628227389553,13.74930084,90.0,90.0,120.00001675906087,3431.1852172718404
mp-7979,K2PdF6,3,F-K-Pd,2.0399000000000003,False,False,Trigonal,5.69202993,5.692030292545855,4.60172173,90.0,90.0,119.99999783491708,16463.907998404524
mp-8017,AlCuTe2,3,Al-Cu-Te,1.0186000000000002,False,True,Tetragonal,6.034586344720993,6.034586700333153,7.3674374798383475,114.17621994552455,114.17623458217402,89.99999775944846,319313.0016130894
mp-8041,Rb2S,2,Rb-S,1.9632,False,False,Cubic,5.49939702573266,5.499396501498568,5.49939553,59.99999973367931,60.00000281757232,59.999998829216864,45433.19359762542
mp-8136,ThSO,3,O-S-Th,1.1144999999999996,False,True,Tetragonal,3.97421556,3.97421556,6.77586343,90.0,90.0,90.0,34968.605989908945
mp-8177,HgF2,2,F-Hg,0.9687,False,True,Cubic,3.9289414766692476,3.9289405985749077,3.92894126,60.00000285063298,60.00001024374959,59.99998961681961,97377.12392970889
mp-8181,Li2CeN2,3,Ce-Li-N,1.2035999999999998,False,False,Trigonal,3.57350791,3.573507600137948,5.43007881,90.0,90.0,120.00000296094282,309192.9980190044
mp-8226,ThNF,3,F-N-Th,2.2590000000000003,False,True,Trigonal,7.151777641701663,7.151777641701663,7.151777179745427,32.55212627554223,32.55212627554223,32.55212735018579,8203.687447345876
mp-8255,CaPtF6,3,Ca-F-Pt,2.643,False,True,Trigonal,5.801999702335114,5.801999937296233,5.802000716569292,53.15730874650388,53.157300773067234,53.15730590116081,8873.905638087723
mp-8256,ZnPtF6,3,F-Pt-Zn,2.0919,False,True,Trigonal,5.407749241597967,5.407748949638889,5.407747838158442,54.54873867003424,54.548763397823,54.5487528506412,88208.41493965672
mp-8260,NaGdS2,3,Gd-Na-S,1.762,False,False,Trigonal,7.0014481468466245,7.0014481468466245,7.001447898049221,33.36779850819318,33.36779850819318,33.367801426571624,60189.50907604073
mp-8278,Ba(MgP)2,3,Ba-Mg-P,1.1366,False,False,Trigonal,4.37427633,4.374277685768247,7.62668553,90.0,90.0,120.00001294332479,252430.03640810426
mp-8280,Ba(MgAs)2,3,As-Ba-Mg,1.0689000000000002,False,False,Trigonal,4.49298382,4.4929832905457765,7.77005598,90.0,90.0,119.99999638834105,312383.2603349332
mp-8289,SnF3,2,F-Sn,2.7195,False,False,Cubic,6.150381282605366,6.150380686096792,6.1503813,59.99999131964451,59.99999452795802,59.99999311260578,7433.081679332176
mp-8298,Sr4P2O,3,O-P-Sr,1.2134,False,False,Tetragonal,4.814256094693773,4.814255219639518,8.692039544459822,106.07734843388346,106.07733545365478,90.0000029680872,207960.65972027218
mp-8299,Sr4As2O,3,As-O-Sr,1.1923999999999997,False,False,Tetragonal,4.8577481803506695,4.857749427081379,8.866808653845851,105.89819417706623,105.89820207982177,89.9999946931339,259193.16692147104
mp-8393,Tl3SbS3,3,S-Sb-Tl,1.592,False,True,Trigonal,6.119726386394661,6.119726663090934,6.119726317504962,104.36121506900486,104.36121507101534,104.3612047577977,266429.622610113
mp-8452,NaLiS,3,Li-Na-S,2.2642,False,False,Tetragonal,4.00926097,4.00926097,6.47945416,90.0,90.0,90.0,4514.839140198535
mp-8584,NaErSe2,3,Er-Na-Se,1.9258,False,False,Trigonal,7.310784534378806,7.31078483496541,7.310785071277259,32.41874864772387,32.41874180085615,32.418745818683256,24258.858375349773
mp-8622,Rb2PtSe2,3,Pt-Rb-Se,1.0034,False,False,Orthorhombic,3.7958763498015653,6.643038279174643,6.64303758029432,69.9861386106755,73.39911087719575,73.39911472622882,283592.3353381461
mp-8658,CsNaSe,3,Cs-Na-Se,2.027,False,False,Tetragonal,4.9949251,4.9949251,8.1072423,90.0,90.0,90.0,45657.00592164812
mp-8751,RbLiS,3,Li-Rb-S,2.745,False,False,Tetragonal,4.41180301,4.41180301,7.26324285,90.0,90.0,90.0,5798.108931361367
mp-8756,KLiSe,3,K-Li-Se,2.5249,False,False,Tetragonal,4.50147408,4.50147408,7.20714494,90.0,90.0,90.0,12517.65132389981
mp-8830,NaRhO2,3,Na-O-Rh,1.3773999999999997,False,False,Trigonal,5.400422330886958,5.400422476224173,5.4004219987292075,33.55068951542158,33.55068276769702,33.55069151130853,293044.74917305965
mp-8922,Cd(SbO3)2,3,Cd-O-Sb,1.4136000000000006,False,False,Trigonal,5.26329933,5.263299733035355,4.8221408,90.0,90.0,119.99999752978067,36774.09289700449
mp-8963,Cs2HgF4,3,Cs-F-Hg,2.0818,False,False,Tetragonal,4.651847435185158,4.65184740634632,7.959759512219642,106.99032742836734,106.99032084365923,90.00000203385315,2920.9690680147455
mp-9006,Ho2CF2,3,C-F-Ho,1.1355000000000004,False,False,Trigonal,3.63198646,3.631985909110549,6.26982569,90.0,90.0,120.00001430749178,191081.89803251615
mp-9035,NaLuS2,3,Lu-Na-S,2.4322999999999997,False,False,Trigonal,3.8754602030422336,3.8754602030422336,6.966221422873654,73.84953567804601,73.84953567804601,60.00002999370213,8779.86310108244
mp-9036,KSmTe2,3,K-Sm-Te,1.2623000000000002,False,False,Trigonal,8.589565056160305,8.589565056160305,8.589565122056205,30.867120218602743,30.867120218602743,30.867125531954894,363821.293332873
mp-9076,NaTmS2,3,Na-S-Tm,2.3614,False,False,Trigonal,6.974078755677062,6.974078755677062,6.974079575233339,32.56747400875191,32.56747400875191,32.56747489501766,9757.629959099286
mp-9082,CsSmS2,3,Cs-S-Sm,2.1397,False,False,Trigonal,8.455430475805047,8.455430475805047,8.455430020675498,28.57147853118646,28.57147853118646,28.57148114670627,26631.3193887575
mp-9084,CsGdS2,3,Cs-Gd-S,1.8329,False,False,Trigonal,8.416223950871617,8.416223950871617,8.416224503791508,28.44102476050047,28.44102476050047,28.44103149274617,73630.44744077115
mp-9125,Ca(SbO3)2,3,Ca-O-Sb,2.6942999999999997,False,False,Trigonal,5.25791554,5.257915548731438,5.02144323,90.0,90.0,120.00000623648303,3084.2803018314885
mp-9126,Sr(SbO3)2,3,O-Sb-Sr,2.7881,False,False,Trigonal,5.29166341,5.2916630043105455,5.38664006,90.0,90.0,120.00000259859645,2848.859454669209
mp-9127,Ba(SbO3)2,3,Ba-O-Sb,2.8606,False,False,Trigonal,5.32814826,5.32814695493004,5.81558169,90.0,90.0,120.00000189402304,2837.0065165393453
mp-9195,BaCuSeF,4,Ba-Cu-F-Se,1.4265000000000003,False,True,Tetragonal,4.263533,4.263533,9.246547,90.0,90.0,90.0,137046.15259772676
mp-9250,RbLiSe,3,Li-Rb-Se,2.3089,False,False,Tetragonal,4.60204775,4.60204775,7.50977297,90.0,90.0,90.0,17725.60233224792
mp-9262,Cs2PtF6,3,Cs-F-Pt,2.814,False,False,Cubic,6.353992884150104,6.353992932188881,6.35399339,59.99999766863563,59.99999741853933,59.99999549330239,1304.5655029933089
mp-9263,KErTe2,3,Er-K-Te,1.3304000000000005,False,False,Trigonal,8.555914330224935,8.555914330224935,8.555913891293848,30.17846207047833,30.17846207047833,30.17845935321157,466269.21911965834
mp-9295,TaCu3Te4,3,Cu-Ta-Te,1.1406999999999998,False,False,Cubic,5.95981266,5.95981266,5.95981266,90.0,90.0,90.0,501207.6808262144
mp-9361,RbLaS2,3,La-Rb-S,2.6856999999999998,False,False,Trigonal,8.053762600778265,8.053762600778265,8.053761608373843,31.06605917726838,31.06605917726838,31.066061422483305,11724.77006551445
mp-9362,RbPrS2,3,Pr-Rb-S,2.2686,False,False,Trigonal,8.068055215951418,8.068055215951418,8.068054584863306,30.541517366535324,30.541517366535324,30.541516077319073,21264.74500247214
mp-9363,RbNdS2,3,Nd-Rb-S,2.2617,False,False,Trigonal,8.052516051812175,8.052516051812175,8.052515334590288,30.357136082784088,30.357136082784088,30.35713658201747,19606.848064312268
mp-9365,RbTbS2,3,Rb-S-Tb,2.3079,False,False,Trigonal,8.010054394537269,8.010054394537269,8.01005427791557,29.509534143804753,29.509534143804753,29.50952496749184,12821.977826435388
mp-9366,RbHoS2,3,Ho-Rb-S,2.3355000000000006,False,False,Trigonal,7.99596831214596,7.99596831214596,7.995968152983412,29.26277318739037,29.26277318739037,29.2627734075127,11285.532322452571
mp-9367,RbErS2,3,Er-Rb-S,2.3521,False,False,Trigonal,7.987381078648011,7.987381078648011,7.987381430518869,29.148009543821495,29.148009543821495,29.148011016810894,10629.08827474711
mp-9368,RbTmS2,3,Rb-S-Tm,2.3680000000000003,False,False,Trigonal,7.981527166489621,7.981527166489621,7.981527622649816,29.0362445353011,29.0362445353011,29.036252306587883,9997.062436475211
mp-9370,RbLuS2,3,Lu-Rb-S,2.3998,False,False,Trigonal,7.9663039782356035,7.9663039782356035,7.966303693518122,28.83582764952511,28.83582764952511,28.835821307239435,9112.68467085665
mp-9518,NdZnPO,4,Nd-O-P-Zn,1.2317999999999998,False,True,Trigonal,4.002283072445276,4.002283072445276,10.661058995156624,79.18107914251759,79.18107914251759,60.00001533288071,109245.19682620352
mp-9562,LiBeAs,3,As-Be-Li,1.0077000000000003,False,False,Tetragonal,3.73657199,3.73657199,6.16510828,90.0,90.0,90.0,39840.25395232686
mp-9564,Ca(MgAs)2,3,As-Ca-Mg,1.2605000000000004,False,False,Trigonal,4.35434578,4.354346698664385,7.11395737,90.0,90.0,120.00000849836977,152036.75370760105
mp-9566,Sr(MgSb)2,3,Mg-Sb-Sr,0.9813000000000001,False,False,Trigonal,4.72855219,4.728552205114488,7.84881873,90.0,90.0,119.99999982430552,426183.8154045048
mp-9573,NaBeAs,3,As-Be-Na,1.2874000000000003,False,False,Hexagonal,3.81814943,3.818150417041033,8.84438782,90.0,90.0,120.00000019891216,344224.0006657944
mp-9631,AlAgO2,3,Ag-Al-O,1.4090999999999996,False,False,Hexagonal,2.87786429,2.8778650971394164,12.24930776,90.0,90.0,120.00000210189822,15494.023639725978
mp-9813,WS2,2,S-W,1.6021,False,False,Trigonal,6.745267429593148,6.745267638852109,6.745267930995722,27.310767961141277,27.310763390277906,27.31077247907446,103099.98882202673
mp-9915,LiBeP,3,Be-Li-P,1.1585,False,False,Tetragonal,3.60554335,3.60554335,5.99069175,90.0,90.0,90.0,24947.89960466696
mp-1001604,LuTlS2,3,Lu-S-Tl,1.3485000000000005,False,False,Trigonal,3.9199329212765224,3.91993295,7.835535290344505,75.51431526426055,75.51431627131645,60.00000859578921,20874.396445337843
mp-1001780,LuCuS2,3,Cu-Lu-S,1.4584000000000001,False,False,Trigonal,3.8299233501685936,3.8299814872201337,6.065805510132319,89.99929942818757,90.00070180719288,119.99818979491342,287893.22871457896
mp-1001786,LiScS2,3,Li-S-Sc,1.4856999999999996,False,False,Trigonal,3.6908834366888943,3.69088517,6.413259056177633,73.27645525365175,73.27645755468944,60.00000299357643,100904.26439728269
mp-1006885,KNdS2,3,K-Nd-S,2.2595,False,False,Trigonal,4.189307491880375,4.18930697,7.718606312651107,74.25376743543448,74.25377134158904,60.00000404192488,18724.805950236783
mp-1006888,KYS2,3,K-S-Y,2.3221,False,False,Trigonal,4.044677257916328,4.0446774,7.677272054055387,74.72697022008033,74.72697174077852,59.999990354143094,11574.391097217182
mp-1006891,KSmSe2,3,K-Se-Sm,1.8906000000000003,False,False,Trigonal,4.283605787198446,4.28360561,8.013803438050653,74.49846809354277,74.4984622313899,60.00000945622942,61579.97458859004
mp-1007636,KLuS2,3,K-Lu-S,2.4307,False,False,Trigonal,3.943293085650292,3.94329344,7.64427363708824,75.05304133103654,75.05304084614963,59.99998832547269,8706.44441901408
mp-1008394,Cl2,1,Cl,2.2818,False,True,Orthorhombic,3.875192644999244,3.875192644999244,8.4513601,90.0,90.0,117.39334112926285,26178.059046736627
mp-1008492,BrCl,2,Br-Cl,1.8129,False,False,Orthorhombic,4.645947050138755,4.645947050138755,7.810701,90.0,90.0,115.9481890462039,76540.63894173676
mp-1009087,BeSiAs2,3,As-Be-Si,1.0226000000000006,False,True,Tetragonal,5.33761396,5.33761396,6.524818357542103,114.143540436781,114.143540436781,90.0,141560.00029459264
mp-1011695,Cs2Se,2,Cs-Se,1.7952000000000001,False,False,Cubic,5.977892676518731,5.97789288,5.970116028905178,59.95689410211747,59.95691333934738,59.999993023128596,50295.285326278514
mp-1014244,ZrZnN2,3,N-Zn-Zr,1.9900000000000002,False,False,Trigonal,3.281255442946229,3.28125511,5.28227338,90.0,90.0,120.00001728333883,43983.01327352534
mp-1014251,HfZnN2,3,Hf-N-Zn,2.3179,False,False,Trigonal,3.2393362045778455,3.23933674,5.27934611,90.0,90.0,120.00000546767045,25706.096506972353
mp-1017508,LuTlTe2,3,Lu-Te-Tl,1.0288999999999993,False,False,Trigonal,4.374986512398007,4.3749861,8.51592535698689,75.11552941879852,75.1155331002994,60.00000311818471,323311.4651100277
mp-1018025,LuAgO2,3,Ag-Lu-O,2.2177999999999995,False,False,Trigonal,3.3736053179785683,3.37360426,6.495534942809371,74.94853531692797,74.94853675510254,59.9999905669421,9396.333517746647
mp-1018031,KInO2,3,In-K-O,2.0774999999999997,False,False,Trigonal,3.3168724667457523,3.316872144902135,6.405897326423937,74.98688179456269,74.98688505320779,59.98782925267132,19465.210263343168
mp-1018138,VI2,2,I-V,1.0370000000000004,False,False,Trigonal,4.116371241801681,4.116365036178827,7.11923527009855,90.00005463898964,90.00696872711023,120.00009518043032,14634.372958074413
mp-1018737,KMgP,3,K-Mg-P,1.6589,False,False,Tetragonal,4.44860499,4.44860499,7.54192427,90.0,90.0,90.0,80418.23227536392
mp-1019089,KMgAs,3,As-K-Mg,1.1621,False,False,Tetragonal,4.55263303,4.55263303,7.73356801,90.0,90.0,90.0,133408.305176525
mp-1025029,PrHSe,3,H-Pr-Se,1.9162000000000003,False,True,Hexagonal,4.053073506973152,4.053073506973152,8.04043046,90.0,90.0,120.00001806943565,47523.782844685586
mp-1025396,NbTl3Se4,3,Nb-Se-Tl,2.1041,False,True,Cubic,6.891402935664368,6.891402935664368,6.891402935664368,109.47122063449069,109.47122063449069,109.47122063449069,245511.68218205395
mp-1025549,Tl3VSe4,3,Se-Tl-V,1.5636,False,False,Cubic,6.788545219700447,6.788545219700447,6.788545219700447,109.47122063449069,109.47122063449069,109.47122063449069,470607.36479715223
mp-1029385,Li2SnN2,3,Li-N-Sn,1.6966999999999999,False,False,Trigonal,3.2583009700007675,3.2583049092190075,5.429090090001192,90.00000250171001,90.00004913944156,120.00003568466349,49730.01368701017
mp-1029396,SrHfN2,3,Hf-N-Sr,1.5456999999999996,False,True,Tetragonal,4.02121058,4.02121058,8.22138958,90.0,90.0,90.0,45849.614884283765
mp-1057286,CsH,2,Cs-H,2.3475,False,True,Cubic,4.513115281747085,4.513115281747085,4.513115281747085,60.00000000000001,60.00000000000001,60.00000000000001,42008.82153760337
mp-1066791,TmTlS2,3,S-Tl-Tm,1.3817000000000004,False,False,Trigonal,3.95305651727877,3.95305651727877,7.837743636419173,75.39340105443158,75.39340105443158,60.00000038026891,20778.60387972989
mp-1067280,TmTlSe2,3,Se-Tl-Tm,1.1879,False,False,Trigonal,8.090180198622548,8.090180198622548,8.090180570274,29.43857072080167,29.43857072080167,29.438570759315713,42001.76584165741
mp-1067744,YTlSe2,3,Se-Tl-Y,1.2608000000000001,False,False,Trigonal,4.175512688317186,4.175512688317186,8.094021216163927,75.05224589331237,75.05224589331237,59.999977051946566,46905.315617842825
mp-1068941,K2PdS2,3,K-Pd-S,1.117,False,False,Orthorhombic,6.166380913210829,6.166380913210829,6.166380913210829,145.9271961164021,109.268598576671,80.89040390814243,476035.65581269213
mp-1077553,Sr2BBrN2,4,B-Br-N-Sr,2.4076,False,False,Trigonal,4.149198372319406,4.149198372319406,9.212723323154831,76.98602996938078,76.98602996938078,59.999994063322376,2764.507595137664
mp-1078419,Na3PSe4,3,Na-P-Se,1.1168999999999998,False,True,Cubic,6.299471731614379,6.299471731614379,6.299471731614379,109.47122063449069,109.47122063449069,109.47122063449069,36186.58881281662
mp-1078552,Li2H6Pt,3,H-Li-Pt,2.8838,False,False,Cubic,4.702157083574658,4.702157083574658,4.702157083574658,60.00000000000001,60.00000000000001,60.00000000000001,3650.279108370517
mp-1078677,Sr2H6Os,3,H-Os-Sr,2.4354,False,False,Cubic,5.391375010720273,5.391375010720273,5.391375010720273,60.00000000000001,60.00000000000001,60.00000000000001,5333.936728047256
mp-1078726,CsHoS2,3,Cs-Ho-S,2.2237,False,False,Hexagonal,4.05739686074973,4.05739686074973,16.10172705,90.0,90.0,119.99948572378386,12745.348062088522
mp-1078746,Sr2FeH6,3,Fe-H-Sr,1.3141999999999998,False,False,Cubic,5.243412096513121,5.243412096513121,5.243412096513121,60.00000000000001,60.00000000000001,60.00000000000001,22921.881448301054
mp-1078990,CsTmS2,3,Cs-S-Tm,2.2239999999999998,False,False,Hexagonal,4.018338148244436,4.018338148244436,16.08424867,90.0,90.0,119.99972353387436,11260.528923954664
mp-1078999,NdAlH6,3,Al-H-Nd,2.0357,False,False,Trigonal,4.240441945716192,4.240441945716192,4.240442248782957,98.38430827889961,98.38430827889961,98.38432708823267,16082.100985168625
mp-1079283,LaAlH6,3,Al-H-La,2.4764999999999997,False,False,Trigonal,4.307053394453096,4.307053394453096,4.307053828410732,98.30160130942846,98.30160130942846,98.30159055169962,10597.695612192
mp-1079483,LiAuF6,3,Au-F-Li,1.8673,False,False,Trigonal,5.343689836107026,5.343689843060585,5.343689973335692,55.03745503583339,55.03745500036006,55.03744902827715,88774.50888480862
mp-1079627,PrAlH6,3,Al-H-Pr,2.0349,False,False,Trigonal,4.271668709303783,4.271668709303783,4.271668231168463,98.37124327307878,98.37124327307878,98.37125023419797,15577.322617884412
mp-1079647,BaAgSeF,4,Ag-Ba-F-Se,1.2692999999999999,False,True,Tetragonal,4.412943,4.412943,9.527038,90.0,90.0,90.0,82464.90636713736
mp-1079896,Ca2H6Ru,3,Ca-H-Ru,2.4473,False,False,Cubic,5.086482205650252,5.086482205650252,5.086482205650252,60.00000000000001,60.00000000000001,60.00000000000001,5680.61691609045
mp-1080438,SrAgTeF,4,Ag-F-Sr-Te,1.2846999999999995,False,True,Tetragonal,4.39882,4.39882,9.730098,90.0,90.0,90.0,88931.48205865643
mp-1080747,ScAlCO,4,Al-C-O-Sc,1.2166999999999994,False,False,Hexagonal,3.24090781428748,3.24090781428748,10.17230395,90.0,90.0,120.00008072229005,128669.022566612
mp-1080847,Mg3SbN,3,Mg-N-Sb,1.6233999999999993,False,False,Cubic,4.34531858,4.34531858,4.34531858,90.0,90.0,90.0,302845.50573237933
mp-1086652,BaAgSF,4,Ag-Ba-F-S,1.4324,False,True,Tetragonal,4.304429,4.304429,9.419909,90.0,90.0,90.0,61897.51098990184
mp-1087532,CsLuS2,3,Cs-Lu-S,2.2447000000000004,False,False,Hexagonal,3.9891988075179774,3.9891988075179774,16.05657571,90.0,90.0,119.99956693314309,10227.50186905554
mp-1091384,NbTl3S4,3,Nb-S-Tl,2.4579999999999997,False,False,Cubic,6.703746107943352,6.703746107943352,6.703746107943352,109.47122063449069,109.47122063449069,109.47122063449069,51855.79119848491
mp-1094088,NbCoSn,3,Co-Nb-Sn,0.9703999999999997,False,False,Cubic,4.202076021692279,4.202076021692279,4.202076021692279,60.00000000000001,60.00000000000001,60.00000000000001,986308.778333302
mp-1097065,Li2HfN2,3,Hf-Li-N,1.9346,False,False,Trigonal,3.237120953308554,3.237120953308554,5.42359518,90.0,90.0,120.00000844709656,27588.105765093438
mp-1100408,TaSnRh,3,Rh-Sn-Ta,1.0594000000000001,False,False,Cubic,4.3571659358576875,4.3571659358576875,4.3571659358576875,60.00000000000001,60.00000000000001,60.00000000000001,1101466.5710065786
mp-1100415,ZrSbRh,3,Rh-Sb-Zr,1.1648000000000005,False,False,Cubic,4.454410739371824,4.454410739371824,4.454410739371824,60.00000000000001,60.00000000000001,60.00000000000001,720506.0332815852
mp-1101301,TeO3,2,O-Te,2.1595,False,False,Monoclinic,5.167054643126436,5.167054643126436,9.788939991039815,84.44857866470069,95.55142133529931,60.02705853309687,9083.16505447247
mp-1120763,Cs3VSe4,3,Cs-Se-V,1.4894,False,True,Cubic,7.454530307989566,7.454530307989566,7.454530307989566,109.47122063449069,109.47122063449069,109.47122063449069,159730.863538728
mp-1178449,CsLaO2,3,Cs-La-O,2.9322,False,False,Hexagonal,3.7655886668081364,3.7655886668081364,13.75283682,90.0,90.0,120.00000574185177,3256.621349689182
mp-1182867,AlWO4,3,Al-O-W,2.9802999999999997,False,False,Orthorhombic,4.592794069955919,4.592794069955919,2.82216346,90.0,90.0,92.64645417131881,24754.62754356279
mp-1183053,AcGaO3,3,Ac-Ga-O,2.895900000000001,False,False,Cubic,3.94626209,3.94626209,3.94626209,90.0,90.0,90.0,3060.4636529352174
mp-1183920,CsPaO3,3,Cs-O-Pa,2.9729999999999994,False,False,Cubic,4.42986213,4.42986213,4.42986213,90.0,90.0,90.0,6191.636302835128
mp-1185537,Cs2HgTe,3,Cs-Hg-Te,1.8046,False,False,Cubic,6.37201889428821,6.37201889428821,6.37201889428821,59.99999999999999,59.99999999999999,59.99999999999999,517565.36927246576
mp-1185959,MgS2,2,Mg-S,1.1336999999999997,False,False,Trigonal,3.9105414099458464,5.101926151973779,10.192120817914878,45.73300258074132,89.96610046224404,112.52903830024104,71892.4583051441
mp-1205754,Na2CeF6,3,Ce-F-Na,2.226,False,False,Trigonal,5.889785640133786,5.889785640133786,3.70174849,90.0,90.0,119.99998337678642,133912.66255831675
mp-1205964,Ca2FeH6,3,Ca-Fe-H,1.5002999999999997,False,False,Cubic,4.944200286318102,4.944200286318102,4.944200286318102,59.99999999999999,59.99999999999999,59.99999999999999,19923.860694154773
mp-1205991,LaBi2ClO4,4,Bi-Cl-La-O,1.3154000000000003,False,False,Tetragonal,3.988897,3.988897,9.333185,90.0,90.0,90.0,43497.838632799874
mp-1206514,Mg3AsN,3,As-Mg-N,2.2817999999999996,False,False,Cubic,4.20628578,4.20628578,4.20628578,90.0,90.0,90.0,203700.74647530605
mp-1206568,Cs2PdCl6,3,Cl-Cs-Pd,1.3617,False,False,Cubic,7.294636633726757,7.294636633726757,7.294636633726757,59.99999999999999,59.99999999999999,59.99999999999999,251837.91728825372
mp-1206742,ErHSe,3,Er-H-Se,1.4817000000000005,False,False,Hexagonal,3.787059525845621,3.787059525845621,3.86728588,90.0,90.0,119.99998577682193,54665.96725517442
mp-1206825,Lu2SeO2,3,Lu-O-Se,2.0255,False,False,Trigonal,3.716079718031408,3.716079718031408,6.64683631,90.0,90.0,119.99999640423898,5248.936571749499
mp-1206843,LuHSe,3,H-Lu-Se,1.4615,False,False,Hexagonal,3.7333424200423178,3.7333424200423178,3.82337706,90.0,90.0,120.00001063349531,47177.07345299803
mp-1207080,TbHSe,3,H-Se-Tb,1.5054999999999996,False,False,Hexagonal,3.8510133634044723,3.8510133634044723,3.92038104,90.0,90.0,120.00001826902785,59144.34885439893
mp-1207082,LiMgSb,3,Li-Mg-Sb,1.4438,False,False,Cubic,4.683643373413326,4.683643373413326,4.683643373413326,60.00000000000001,60.00000000000001,60.00000000000001,178922.06883582985
mp-1207095,SiPAu,3,Au-P-Si,1.0382000000000002,False,False,Trigonal,6.0827214282739615,6.0827214282739615,6.082721242503493,33.43747652865662,33.43747652865662,33.437471735097745,352669.7728172729
mp-1207186,DyHSe,3,Dy-H-Se,1.4876999999999994,False,False,Hexagonal,3.826859955514412,3.826859955514412,3.90631106,90.0,90.0,120.0000013055072,59218.027629367265
mp-1207192,NdHSe,3,H-Nd-Se,1.6838000000000006,False,True,Hexagonal,4.012118186278731,4.012118186278731,7.99801969,90.0,90.0,120.00000900808688,65144.42134392196
mp-1207196,Ca2H6Os,3,Ca-H-Os,2.7001,False,False,Cubic,5.112129308015143,5.112129308015143,5.112129308015143,60.00000000000001,60.00000000000001,60.00000000000001,4718.6590471256495
mp-1209302,Rb2TcCl6,3,Cl-Rb-Tc,1.2635,False,True,Cubic,7.080711178590107,7.08071263523217,7.080722082170522,59.9999422554099,59.99996267083133,60.00009507375877,95943.15645050892
mp-1216536,TmPaO4,3,O-Pa-Tm,2.434,False,False,Tetragonal,3.76438059,3.76438059,5.29860992,90.0,90.0,90.0,6097.258321963763
mp-1216588,TlInF6,3,F-In-Tl,2.6572,False,False,Trigonal,5.8638860378243685,5.863886038253988,5.863886363590774,53.436203636174426,53.43620358901718,53.43620420554491,2913.0056311939957
mp-1217271,Th2PNO,4,N-O-P-Th,1.3129,False,False,Trigonal,4.037171557073715,4.037171557073715,6.864159,90.0,90.0,119.9999927415104,231430.30314618337
mp-1217996,TaCu3Se3S,4,Cu-S-Se-Ta,1.6491000000000002,False,False,Trigonal,5.666519251840763,5.666519251840763,5.666518903542191,89.39856536124286,89.39856536124286,89.39855970148142,198385.4888878464
mp-1219240,ScPaO4,3,O-Pa-Sc,2.493500000000001,False,False,Tetragonal,3.71462038,3.71462038,5.17931872,90.0,90.0,90.0,6505.17754420494
mp-1220714,NaLaS2,3,La-Na-S,2.5989,False,False,Trigonal,7.050855446170878,7.050855446170878,7.050856371102793,34.800473109318,34.800473109318,34.80046821843516,12565.83902681325
mp-1220912,NaPrS2,3,Na-Pr-S,2.1807000000000003,False,False,Trigonal,7.078791462926609,7.078791462926609,7.0787908189749915,34.14164337193019,34.14164337193019,34.14165152436233,21674.010498774544
mp-1220967,NaLiCdS2,4,Cd-Li-Na-S,1.6168999999999998,False,True,Trigonal,4.157273225346754,4.157273225346754,7.041954,90.0,90.0,119.99998767205209,68855.13947221896
mp-1221101,NaBiSe2,3,Bi-Na-Se,1.0922999999999998,False,False,Trigonal,7.4542931854595755,7.4542931854595755,7.454292659428529,32.689764840185035,32.689764840185035,32.68976186972685,389492.80454949284
mp-1221102,NaBiTe2,3,Bi-Na-Te,1.0652999999999997,False,False,Trigonal,8.014139038931205,8.014139038931205,8.014138488741475,32.473399932863074,32.473399932863074,32.47340174963426,848135.6319908629
mp-1221125,NaBiS2,3,Bi-Na-S,1.4468999999999994,False,False,Trigonal,7.136081171726416,7.136081171726416,7.136081478444894,32.87033159765865,32.87033159765865,32.870325733815655,164046.51320189785
mp-1222263,LuPaO4,3,Lu-O-Pa,2.4908,False,False,Tetragonal,3.75260979,3.75260979,5.26901473,90.0,90.0,90.0,5971.548679810313
mp-1222296,LiSmS2,3,Li-S-Sm,1.9482,False,False,Trigonal,6.589498607233206,6.589498607233206,6.589498942954359,35.32803067620851,35.32803067620851,35.328028687955744,25241.395956409604
mp-1222370,LiGdS2,3,Gd-Li-S,1.6532000000000004,False,False,Trigonal,6.577801235863157,6.577801235863157,6.577800625019005,34.99042989402266,34.99042989402266,34.990430926961615,88403.1985059801
mp-1222404,LiBiS2,3,Bi-Li-S,1.4793000000000003,False,True,Trigonal,6.693282539952567,6.693282539952567,6.693282031384804,34.406441015515334,34.406441015515334,34.406444435945446,151372.08643563604
mp-1222618,Li2ZnCdP2,4,Cd-Li-P-Zn,1.0652,False,True,Trigonal,7.244254222270592,7.244254222270592,7.2442546045222755,33.456171325426226,33.456171325426226,33.45617386482636,230075.44819287866
mp-1222719,LaTiSbO6,4,La-O-Sb-Ti,2.7433000000000005,False,False,Trigonal,5.29088404115645,5.29088404115645,5.186806,90.0,90.0,120.00000051463778,6332.001475859913
mp-1222782,LaPaO4,3,La-O-Pa,2.329699999999999,False,False,Tetragonal,3.85885424,3.85885424,5.63272586,90.0,90.0,90.0,8826.357071776354
mp-1223443,KBiS2,3,Bi-K-S,1.4158000000000004,False,False,Trigonal,7.767486797417208,7.767486797417208,7.767486607349846,30.80396643655359,30.80396643655359,30.80395567403357,175546.09217304675
mp-1223799,HoPaO4,3,Ho-O-Pa,2.4203,False,False,Tetragonal,3.78086854,3.78086854,5.34025063,90.0,90.0,90.0,6241.575559396375
mp-1223929,InCuGeS4,4,Cu-Ge-In-S,1.1346000000000003,False,True,Tetragonal,6.451921123841178,6.451921123841178,6.451921123841178,128.40439369456234,128.40439369456234,75.97083607488275,280232.97123834724
mp-1223956,Ho2TeS2,3,Ho-S-Te,1.7469000000000001,False,False,Orthorhombic,7.480624016782055,7.480624016782055,7.480624016782055,147.72569991237535,138.28431491009988,53.70396010749531,285657.8390821988
mp-1225289,Dy2TeS2,3,Dy-S-Te,1.8358000000000003,False,False,Orthorhombic,7.53294781363341,7.53294781363341,7.53294781363341,147.74048377976123,138.44914505457803,53.55816162814398,274328.34909467044
mp-1225447,ErPaO4,3,Er-O-Pa,2.4341,False,False,Tetragonal,3.7725675,3.7725675,5.31917218,90.0,90.0,90.0,6184.354069649148
mp-1227238,CaBiIO2,4,Bi-Ca-I-O,1.6177000000000001,False,False,Tetragonal,7.366431956386212,7.366431956386212,7.366431956386212,148.19640827603806,148.19640827603806,45.5955110082614,65186.78645837366
mp-1227444,BiPbBrO2,4,Bi-Br-O-Pb,1.5539000000000005,False,False,Tetragonal,7.1801479595619755,7.1801479595619755,7.1801479595619755,147.57085550021574,147.57085550021574,46.51927458278262,46183.958987935766
mp-1228963,AlAgSnSe4,4,Ag-Al-Se-Sn,1.1072000000000002,False,True,Tetragonal,6.896805493945802,6.896805493945802,6.896805493945802,127.91225860940597,127.91225860940597,76.76720879249307,181373.1526894633
mp-1272139,SnBr2,2,Br-Sn,1.967,False,False,Trigonal,4.32981004000012,4.329809635481324,6.55990546,90.0000136168326,89.9999864151382,119.9999873726021,23860.928999983196
mp-1323553,CaNiF6,3,Ca-F-Ni,2.1462000000000003,False,False,Trigonal,5.493686583447095,5.493686494352099,5.493687207671538,54.24096319068393,54.2409594910584,54.24095432673056,95076.35508158177
mp-1391273,ZnNiF6,3,F-Ni-Zn,1.6071,False,True,Trigonal,5.186307778724451,5.186307976507239,5.186307580534743,55.75001624542755,55.750019296850695,55.75002274131867,290447.426284124
mp-1391800,MgMnF6,3,F-Mg-Mn,2.8029,False,True,Trigonal,5.235545192462349,5.23530688965355,5.235632069495355,56.1775579805733,56.17353935159229,56.17493415788356,30706.128535180364
mp-510625,CrCuO2,3,Cr-Cu-O,1.5391000000000004,False,False,Trigonal,2.9811529475830265,2.9811528606638267,11.498464058506762,90.02330784672235,97.47038370817288,59.993446781437115,249538.16191214835
mp-540584,K2PdO2,3,K-O-Pd,1.3697,False,False,Orthorhombic,3.1374797546537145,5.4517537942197105,5.451753545092941,67.31626812233193,73.27674529939543,73.27673755160573,41522.17485998279
mp-541044,CsYO2,3,Cs-O-Y,2.8461,False,False,Hexagonal,3.53441255,3.5344117084268376,13.66789196,90.0,90.0,119.99998871501056,3006.5957009188105
mp-545359,KNa2CuO2,4,Cu-K-Na-O,1.5144,False,False,Tetragonal,6.2913861486000044,6.2913861486000044,6.2913861486000044,139.15754315154604,139.15754315154604,59.13471186310215,25611.03921834629
mp-545399,NaNiIO6,4,I-Na-Ni-O,1.7121000000000002,False,False,Trigonal,4.997436407216504,4.997436407216504,5.308315,90.0,90.0,120.00000539100942,292339.8499417109
mp-545598,UCdO4,3,Cd-O-U,1.9644,False,False,Orthorhombic,3.52057956,4.939142470323326,4.939142044269825,91.68631267957828,90.0,90.0,140815.96335880217
mp-545728,PrBi2IO4,4,Bi-I-O-Pr,1.2196999999999996,False,False,Tetragonal,4.023883,4.023883,9.806738,90.0,90.0,90.0,62928.23771130813
mp-546082,TmBi2ClO4,4,Bi-Cl-O-Tm,1.4201000000000001,False,False,Tetragonal,3.871369,3.871369,9.00831,90.0,90.0,90.0,26243.409153571
mp-546266,DyBi2IO4,4,Bi-Dy-I-O,1.3667999999999996,False,False,Tetragonal,3.945744,3.945744,9.707467,90.0,90.0,90.0,52281.20537232958
mp-546552,KCrO2,3,Cr-K-O,2.9299000000000004,False,False,Trigonal,6.193102546004701,6.193102760694135,6.193102899343105,28.621920237863907,28.621918546678,28.621920307586475,118282.40717562765
mp-546621,ErBi2BrO4,4,Bi-Br-Er-O,1.3570000000000002,False,False,Tetragonal,3.898706,3.898706,9.286959,90.0,90.0,90.0,34261.854645562744
mp-549127,HoBi2ClO4,4,Bi-Cl-Ho-O,1.3709999999999996,False,False,Tetragonal,3.888732,3.888732,9.050243,90.0,90.0,90.0,28899.182788971528
mp-549333,NdBi2IO4,4,Bi-I-Nd-O,1.2653999999999996,False,False,Tetragonal,4.013028,4.013028,9.758086,90.0,90.0,90.0,56258.80471956186
mp-549709,ErBi2ClO4,4,Bi-Cl-Er-O,1.3769000000000005,False,False,Tetragonal,3.84189573,3.84189573,8.93974821,90.0,90.0,90.0,27380.819371094858
mp-550111,SmBi2BrO4,4,Bi-Br-O-Sm,1.2782999999999998,False,False,Tetragonal,3.958292,3.958292,9.40433,90.0,90.0,90.0,44299.15782937207
mp-550635,LuBi2IO4,4,Bi-I-Lu-O,1.4425,False,False,Tetragonal,3.903233,3.903233,9.695471,90.0,90.0,90.0,61294.14534158999
mp-550820,SmZnPO,4,O-P-Sm-Zn,1.3609,False,False,Trigonal,3.9640685207274107,3.9640685207274107,10.546292347932804,79.1676132741046,79.1676132741046,59.99999130916956,90946.11716348941
mp-551900,PrBi2BrO4,4,Bi-Br-O-Pr,1.2269000000000005,False,False,Tetragonal,3.993484,3.993484,9.465344,90.0,90.0,90.0,52294.40918757975
mp-552604,YBi2ClO4,4,Bi-Cl-O-Y,1.3088000000000002,False,False,Tetragonal,3.901229,3.901229,9.043417,90.0,90.0,90.0,29641.692939013486
mp-552738,TmBi2IO4,4,Bi-I-O-Tm,1.4258999999999995,False,False,Tetragonal,3.921361,3.921361,9.673146,90.0,90.0,90.0,52805.167819378185
mp-552857,TbBi2IO4,4,Bi-I-O-Tb,1.3266999999999998,False,False,Tetragonal,3.95449,3.95449,9.737193,90.0,90.0,90.0,54257.012092465804
mp-552992,DyBi2BrO4,4,Bi-Br-Dy-O,1.3290000000000002,False,False,Tetragonal,3.915038,3.915038,9.316221,90.0,90.0,90.0,37978.11664305038
mp-553082,PrBi2ClO4,4,Bi-Cl-O-Pr,1.1244,False,False,Tetragonal,3.972849,3.972849,9.161927,90.0,90.0,90.0,42225.63252288237
mp-553242,NdBi2BrO4,4,Bi-Br-Nd-O,1.2198999999999995,False,False,Tetragonal,3.979225,3.979225,9.399018,90.0,90.0,90.0,50631.62434012751
mp-553243,YBi2BrO4,4,Bi-Br-O-Y,1.3399999999999999,False,False,Tetragonal,3.88104827,3.88104827,9.2255835,90.0,90.0,90.0,37783.67026729233
mp-553303,CsCu3O2,3,Cs-Cu-O,1.4572,False,False,Trigonal,5.109520336729279,5.109521892378977,5.518367164091029,89.99623013748418,90.00362205972162,119.99529627066079,130567.39141502927
mp-553308,CsNdO2,3,Cs-Nd-O,2.9366000000000003,False,False,Hexagonal,3.68181791,3.6818179056219997,13.79336816,90.0,90.0,119.99999994948848,3675.8270507779403
mp-555850,LuSF,3,F-Lu-S,2.6140999999999996,False,False,Trigonal,8.496660147114548,8.496660147114548,8.496660404687951,26.713957818460596,26.713957818460596,26.713953989741473,6369.558536810776
mp-555908,CoF2,2,Co-F,2.2721,False,True,Tetragonal,3.19916469,4.643519410000112,4.643519410000112,90.00002517129357,90.0,90.0,34528.11423049218
mp-556417,Rb2NiF6,3,F-Ni-Rb,2.4215999999999998,False,False,Cubic,5.910808916884745,5.9108089891901745,5.91080875,60.000001394588224,60.00000098993223,59.99999783348059,29193.815857045323
mp-557257,KVF3,3,F-K-V,2.0758999999999994,False,False,Cubic,4.12938738,4.12940323,4.1292904,90.0,90.0,90.0,2919.256182356782
mp-558749,RbMnF3,3,F-Mn-Rb,2.9436999999999998,False,False,Cubic,4.23247214,4.23247214,4.23247214,90.0,90.0,90.0,841.2672884390723
mp-558928,KrF2,2,F-Kr,2.7303,False,False,Tetragonal,4.53294056,4.53294056,5.84943294,90.0,90.0,90.0,5150.5417362086055
mp-561367,F2,1,F,2.4555999999999996,False,True,Monoclinic,3.0540763180277493,3.0540763382238194,7.0473338413334865,74.98752355078761,74.98752889373209,59.57943525059786,8961.89282855808
mp-561751,CsErS2,3,Cs-Er-S,2.1441,False,False,Trigonal,8.386321866478719,8.386321866478719,8.38632192757565,27.887302960389118,27.887302960389118,27.88730884781505,14302.0875941439
mp-567290,LaN,2,La-N,1.1169000000000002,False,False,Hexagonal,4.13622277,4.136222292069147,5.9225931,90.0,90.0,119.99999544626561,65715.54625144818
mp-568346,HfBrN,3,Br-Hf-N,2.1298000000000004,False,True,Orthorhombic,3.55823524,4.10403067,8.90516558,90.0,90.0,90.0,41984.924499144625
mp-568560,TlBr,2,Br-Tl,2.2962000000000002,False,True,Cubic,4.726361183898216,4.726362005541338,4.72635983,59.99999296994659,59.999987205410406,60.00000147078271,17298.444781439
mp-568588,NdTlSe2,3,Nd-Se-Tl,1.2255000000000003,False,False,Trigonal,8.10337657914071,8.10337657914071,8.103375920825734,30.882239806061325,30.882239806061325,30.882236084960343,56265.43243976912
mp-568968,K2SnHgSe4,4,Hg-K-Se-Sn,1.4785000000000001,False,False,Tetragonal,6.831497033699201,6.831497033699201,6.831497033699201,105.84137454611064,105.84137454611064,117.00382429633981,202781.1298047811
mp-569178,HoTlSe2,3,Ho-Se-Tl,1.2785000000000002,False,False,Trigonal,8.09998170645154,8.09998170645154,8.099983073338077,29.664616164467947,29.664616164467947,29.664623888663694,43668.420963426805
mp-569507,TbTlSe2,3,Se-Tb-Tl,1.2733000000000003,False,False,Trigonal,8.094346656476894,8.094346656476894,8.094347511489332,29.946150512440806,29.946150512440806,29.94614668577094,45999.41130737056
mp-569639,TlCl,2,Cl-Tl,2.5369,False,True,Cubic,4.5531318454573215,4.553133583807601,4.55313253,60.00000001238117,59.99998741754501,59.99998664553272,11392.240573333442
mp-570097,Sr(Li2P)2,3,Li-P-Sr,0.9758999999999998,False,False,Trigonal,8.223600536558758,8.223600218565949,8.223600219409569,30.122559664004513,30.122565942011633,30.122560209847418,340353.9331480138
mp-570117,ErTlSe2,3,Er-Se-Tl,1.2151000000000005,False,False,Trigonal,8.092838544980175,8.092838544980175,8.09283807575655,29.564383900817678,29.564383900817678,29.564391393403998,43818.031797232485
mp-571102,TlI,2,I-Tl,2.2085999999999997,False,True,Cubic,4.979491722563652,4.979490088648128,4.97948979,59.999988047367765,59.99999885685644,59.99997624483907,31587.381363825298
mp-578610,NaMoO2,3,Mo-Na-O,2.3804999999999996,False,False,Trigonal,5.5431542698359495,5.543153088708092,5.543153697898969,33.91600566807574,33.91602395196495,33.91601072009582,114663.90956116316
mp-605034,K2NiF6,3,F-K-Ni,2.3603,False,False,Cubic,5.658685432441722,5.658685709899842,5.65868496,59.99999865487283,59.999997032898705,59.9999931579362,41639.93618291572
mp-642807,TbH2Br,3,Br-H-Tb,1.6956000000000002,False,False,Trigonal,10.680323581898431,10.680323581898431,10.68032357257951,20.337952458570722,20.337952458570722,20.33795860279394,28587.61213944359
mp-643260,Na2H4Pd,3,H-Na-Pd,2.2472000000000003,False,True,Tetragonal,4.942198940394299,4.942198940394299,4.942198940394299,115.50800621637644,115.50800621637644,97.97410716661693,43208.74127916281
mp-643370,Ba2MgH6,3,Ba-H-Mg,2.8864,False,False,Trigonal,5.717784240200379,5.717853533638598,4.5383100900173865,89.99968632423908,90.00018681143169,120.00054181908884,7442.579949256771
mp-644222,CdHClO,4,Cd-Cl-H-O,2.4655,False,True,Hexagonal,3.734935603785559,3.734935603785559,10.419544,90.0,90.0,119.99999298158266,3690.8565880564747
mp-665922,SrHgO2,3,Hg-O-Sr,2.1978,False,False,Trigonal,6.75118367393779,6.75118367393779,6.751183495812298,33.11661307975224,33.11661307975224,33.11661226067745,7783.07825588909
mp-675349,DyCuSe2,3,Cu-Dy-Se,1.0667999999999997,False,False,Trigonal,4.074556841694095,4.074556841694095,6.3884855,90.0,90.0,119.9999750221902,392676.379100985
mp-676861,AlSbO4,3,Al-O-Sb,1.6178,False,True,Orthorhombic,3.01452656,4.499536915390255,4.499536915390255,91.38428452396985,90.0,90.0,22566.974075730905
mp-689925,Cs2NiF6,3,Cs-F-Ni,2.4357,False,False,Cubic,6.264532225545807,6.2645153172752535,6.26455283116247,60.00151266800387,60.00178076921793,60.000592723116974,25179.208128612325
mp-690794,Sr2HN,3,H-N-Sr,1.8058,False,True,Trigonal,6.67578327108849,6.67578327108849,6.675783106315936,33.19202982528676,33.19202982528676,33.19203715350188,163275.3081902732
mp-697038,Ba2H6Ru,3,Ba-H-Ru,1.8699000000000001,False,False,Cubic,5.704447796740688,5.704447796740688,5.704447796740688,60.00000000000001,60.00000000000001,60.00000000000001,24238.201960244514
mp-697044,Ba2H6Os,3,Ba-H-Os,1.9655,False,False,Cubic,5.722202003508347,5.722202003508347,5.722202003508347,60.00000000000001,60.00000000000001,60.00000000000001,36211.27771402218
mp-697096,Na2H4Pt,3,H-Na-Pt,2.1188000000000002,False,False,Tetragonal,4.943631675575991,4.943631675575991,4.943631675575991,116.61262121256237,116.61262121256237,95.97461996120421,37462.48407810264
mp-752658,Y2SeO2,3,O-Se-Y,2.1613,False,False,Trigonal,3.8306058000000847,3.8305937727410915,6.799496200000444,89.9999631058899,90.00000121331801,120.00008716488173,5586.752746550674
mp-753594,BiOF,3,Bi-F-O,2.8878000000000004,False,False,Tetragonal,3.96958714,3.96824418363011,5.745037591451439,90.00346092144875,90.0,90.0,5185.505943038192
mp-753920,Tm2SeO2,3,O-Se-Tm,2.1129000000000002,False,False,Trigonal,3.7554343900089795,3.7554287232714305,6.6987023100050305,89.99989047372962,90.0000154947128,119.99979987540148,5171.277431136312
mp-754055,CsErO2,3,Cs-Er-O,2.8015000000000003,False,False,Hexagonal,3.494304770000993,3.4943067456107815,13.62849359031707,89.99931287014543,89.99992476127485,120.00001656814993,2906.584954423831
mp-754110,SmAgO2,3,Ag-O-Sm,2.566,False,False,Hexagonal,3.632951740014692,3.632953939430407,12.40779230083892,90.00103629076996,89.99955333092359,120.00003997260104,9230.131874684012
mp-754138,CsDyO2,3,Cs-Dy-O,2.835,False,False,Hexagonal,3.529459620031644,3.529455837559641,13.667322080385544,89.99910925472476,90.00045846853762,120.00002148648316,3035.2549244241927
mp-754154,CsHoO2,3,Cs-Ho-O,2.8143,False,False,Hexagonal,3.5114697000502355,3.51146802108435,13.656287530239444,89.99937542981878,90.0005987939305,120.00005142440934,2945.7653189151597
mp-754534,Li2CeO3,3,Ce-Li-O,1.9756999999999998,False,False,Orthorhombic,4.48346527,5.245894039681897,3.53033169,90.0,90.0,64.70171471412161,31896.3811818279
mp-754535,LaAgO2,3,Ag-La-O,2.8013,False,False,Hexagonal,3.81644699021351,3.8164830306590605,12.2811925031836,90.00225297658179,89.99875144099744,120.00023712401513,8907.82226695333
mp-754594,VBO4,3,B-O-V,2.6635,False,True,Tetragonal,4.837051472439092,4.97784645065262,4.837051472439092,60.93131537897496,90.0,119.06867168140634,16161.856428599343
mp-755340,Tb2SeO2,3,O-Se-Tb,2.1407,False,False,Trigonal,3.847153680000135,3.8471591490247747,6.820991910000889,89.99994938011154,89.9999914320752,119.99993761183158,5416.289126223407
mp-755651,CsGdO2,3,Cs-Gd-O,2.4891,False,False,Hexagonal,3.5910479201581316,3.5910438624841983,13.698600181736504,89.99815902385252,90.0010464971328,119.9998776472499,4759.95637750971
mp-755756,Y2TeO2,3,O-Te-Y,1.0487000000000002,False,False,Tetragonal,6.817264850746464,6.817264850746464,6.817264850746464,146.54495999840677,146.54495999840677,48.03801898832423,131365.42337296973
mp-760375,Li3VS4,3,Li-S-V,1.8832,False,False,Cubic,5.93306391,5.93306391,5.93306391,90.0,90.0,90.0,282841.96304758266
mp-760513,La2UO6,3,La-O-U,1.4113999999999995,False,False,Orthorhombic,3.949567607022719,6.690580635758718,5.581442451424291,114.7497754040021,90.16021356689936,72.75864216184472,185708.47725651524
mp-769284,Dy2SeO2,3,Dy-O-Se,2.1479,False,False,Trigonal,3.823564939282884,3.8239154290523647,6.788824937188641,90.00505324111674,89.99940249660766,120.01495808587048,5305.4375182218855
mp-774907,KLiZnS2,4,K-Li-S-Zn,2.4361,False,False,Tetragonal,7.237576891829061,7.237576891829061,7.237576891829061,148.07795843016874,148.07795843016874,45.770296612310005,21148.393401501187
mp-861502,AcFeO3,3,Ac-Fe-O,0.9887999999999995,False,False,Cubic,3.95356962,3.953567500001287,3.953584510001287,90.00009245985731,90.0,90.0,40982.88799625168
mp-862832,PaTlO3,3,O-Pa-Tl,2.6427000000000005,False,False,Cubic,4.37641728,4.37641728,4.37641728,90.0,90.0,90.0,9186.563829850817
mp-863260,Sr(MgAs)2,3,As-Mg-Sr,1.3464000000000005,False,False,Trigonal,4.4166469285881025,4.416641907161063,7.415147650011168,90.00016202490858,89.99981768584894,120.00187300571554,194839.34864291942
mp-863749,Rb2Hf2O5,3,Hf-O-Rb,1.9467999999999999,False,True,Tetragonal,4.03150368,4.03150368,9.01397468,90.0,90.0,90.0,2636.6504019237336
mp-865120,NaPaO3,3,Na-O-Pa,2.952,False,False,Cubic,4.32748724,4.32748724,4.32748724,90.0,90.0,90.0,4087.962300209894
mp-865500,Na2Hf2O5,3,Hf-Na-O,1.9603,False,False,Tetragonal,7.94834719,3.94986172,3.94986172,90.0,90.0,90.0,2883.826558105766
mp-866101,AcCrO3,3,Ac-Cr-O,2.0031000000000008,False,False,Cubic,3.9442869,3.94430226,3.9442715,90.0,90.0,90.0,21851.696212424325
mp-866291,AgBr,2,Ag-Br,1.1708,False,True,Cubic,4.412199717226181,4.412199717226181,4.412199717226181,60.00000000000001,60.00000000000001,60.00000000000001,53271.42338579928
mp-961673,TiFeTe,3,Fe-Te-Ti,0.9852000000000007,False,False,Cubic,4.135055285912001,4.135055245421946,4.13505516,60.00000068336093,60.00000100727443,60.00005531012744,794388.265915828
mp-961685,NaCaAs,3,As-Ca-Na,1.5818999999999999,False,False,Cubic,4.894251791442135,4.8942518872674645,4.89425333,60.000003873123525,60.00000330349527,60.000010842919856,223644.55821876146
mp-961713,ZrSnPt,3,Pt-Sn-Zr,0.9627999999999997,False,False,Cubic,4.512019261980874,4.5120178369208634,4.51201809,59.999990739769885,60.000001187557906,59.99998163155354,810627.5095756301
mp-971787,VBr2,2,Br-V,1.1332,False,False,Trigonal,3.82343967,3.8236723972176754,6.412845862146947,90.00374279679939,89.99999999999226,119.99800483518051,13545.366654135158
mp-972965,GdF3,2,F-Gd,2.8621999999999996,False,True,Cubic,3.958574778908163,3.958574778908163,3.958574778908163,59.99999999999999,59.99999999999999,59.99999999999999,3692.417624135585
mp-976876,K2PtC2,3,C-K-Pt,0.9937999999999998,False,False,Trigonal,5.138368790018304,5.13830985160922,5.194543300031988,90.00006215143402,90.00030519862037,120.00039560236762,451019.93146060203
mp-985586,Na3BrO,3,Br-Na-O,1.8815,False,True,Cubic,4.53313,4.53313,4.53313,90.0,90.0,90.0,49642.94809167335
mp-985829,HfS2,2,Hf-S,1.2237,False,False,Trigonal,3.63966434,3.639664020032985,6.05556247,90.0,90.0,120.00001251772335,500327.6789188816
mp-996959,LiAuO2,3,Au-Li-O,1.3059,False,True,Tetragonal,4.209500074415044,4.209500536309945,6.084152710631711,110.23916814978043,110.239171346243,90.00001153671249,207033.3722138549
mp-996996,CrAuO2,3,Au-Cr-O,1.2660000000000005,False,False,Trigonal,3.015044430314076,3.0150455921585255,6.3572844805806215,76.28260637030915,76.28262768153964,59.999992877907125,370142.44102127047
mp-997089,NaAuO2,3,Au-Na-O,1.1589999999999998,False,False,Monoclinic,3.0220150788640394,3.5955140120835476,5.600659844307641,79.8717986417169,74.34816914711818,65.14977274378694,98118.98242760292
mp-998762,MnTlF3,3,F-Mn-Tl,2.6304,False,False,Cubic,4.233687939534757,4.236250626987457,4.235429158556769,90.00372535545917,90.03225190715912,89.9966847985961,14626.950782545806
mp-999119,TbTlS2,3,S-Tb-Tl,1.6253000000000002,False,False,Trigonal,4.031738257286116,4.03173881,7.84591884661286,75.11189499401333,75.11189437111467,60.00000405816399,23503.866120427003
mp-999126,NaTbS2,3,Na-S-Tb,2.2790999999999997,False,False,Trigonal,3.9892954124037794,3.98929677,6.984283607942092,73.4058269211099,73.40581990495984,59.999997117688864,12618.380199229665
mp-999127,NaTbSe2,3,Na-Se-Tb,1.8390000000000002,False,False,Trigonal,4.135098364998804,4.13509831,7.326154314593247,73.60756473337743,73.60756939874176,60.00000051997388,34556.02104574594
mp-999129,KTbS2,3,K-S-Tb,2.3136,False,False,Trigonal,4.057546296041481,4.05754613,7.675252296402188,74.67305511695255,74.67305165690343,59.999992815244866,12327.846896564712
mp-999137,SmTlSe2,3,Se-Sm-Tl,1.2218999999999998,False,False,Trigonal,4.257916740521344,4.25791582,8.103685037786276,74.76878683459896,74.76878698051692,59.999998937207955,50320.66026953594
mp-999138,SmTlS2,3,S-Sm-Tl,1.6781000000000001,False,False,Trigonal,4.113385950241802,4.11338546,7.849834247179252,74.81095831223139,74.81095769426624,60.00000394251066,29242.718401804414
mp-999265,RbYS2,3,Rb-S-Y,2.3166,False,False,Trigonal,4.0686086903646945,4.06860962,8.001574394285106,75.27156203215402,75.27156407932425,60.00000087553215,11994.236410559237
mp-999269,RbSmTe2,3,Rb-Sm-Te,1.3163999999999998,False,False,Trigonal,4.59625917579498,4.5962599,8.91189256314023,75.05615944671459,75.05616189499959,60.00001000710543,356955.66340721736
mp-999289,PrTlSe2,3,Pr-Se-Tl,1.2621000000000002,False,False,Trigonal,4.3494663465070476,4.34946546,8.098861246705805,74.42357654499278,74.42357709189726,59.99998277015353,59542.77243811111
mp-999447,NaSmTe2,3,Na-Sm-Te,1.1738,False,False,Trigonal,4.494325132353597,4.49432644,7.933740072047518,73.54624596113662,73.54624758052884,59.999990375285364,380554.05575229356
mp-999448,NaYSe2,3,Na-Se-Y,1.8434,False,False,Trigonal,4.123715652356682,4.12371441,7.320152528877699,73.64017790192982,73.64017280569765,60.0000018639251,30876.567203796738
mp-999460,NaScS2,3,Na-S-Sc,1.6789999999999998,False,False,Trigonal,3.7588864795058456,3.75888679,6.903913680037191,74.20306545714557,74.20306230110134,59.99998837911232,93001.36029189981
mp-999461,NaPrSe2,3,Na-Pr-Se,1.7927,False,False,Trigonal,4.303160908943621,4.30316056,7.362072459589429,73.00716862503754,73.00716955868856,59.99999470823304,110102.6628194712
mp-999470,NaNdS2,3,Na-Nd-S,2.2045000000000003,False,False,Trigonal,4.121988334044911,4.1219888,7.0306697072815965,72.9537679756528,72.9537632826688,60.00001261050302,19330.69599108537
mp-999471,NaNdSe2,3,Na-Nd-Se,1.8121000000000003,False,False,Trigonal,4.266642702895203,4.26664183,7.355497767490949,73.14019577727801,73.14019593977277,59.99999880272419,92800.49036597469
mp-999472,NaLaSe2,3,La-Na-Se,2.2767,False,False,Trigonal,4.373466753351428,4.37346791,7.322635005788065,72.62486488537832,72.62486647585949,59.99999132705627,31385.70145635
mp-999474,NaHoSe2,3,Ho-Na-Se,1.8867,False,False,Trigonal,4.098759320375145,4.09876034,7.319147148783237,73.73964895759134,73.73964279227931,60.00000837489876,26900.545035384435
mp-999488,NaDySe2,3,Dy-Na-Se,1.8635,False,False,Trigonal,4.1166283953897835,4.11662783,7.313150217866495,73.65300469945507,73.65301006549235,59.99999642727339,30314.56605309494
mp-999489,NaGdSe2,3,Gd-Na-Se,1.3585,False,False,Trigonal,4.171647339780076,4.171664553399633,7.318768011639844,73.46423356604177,73.46331544777902,59.96978474927525,121914.21972806784
mp-999490,NaDyS2,3,Dy-Na-S,2.2855999999999996,False,False,Trigonal,3.96709349215759,3.9670934,6.979570284343136,73.48936923426663,73.4893641099854,60.00000076845896,11759.12847342757
